,County_name,State,County_pop
1,AUTAUGA, Alabama,58805
2,BALDWIN, Alabama,231767
3,BARBOUR, Alabama,25223
4,BIBB, Alabama,22293
5,BLOUNT, Alabama,59134
6,BULLOCK, Alabama,10357
7,BUTLER, Alabama,19051
8,CALHOUN, Alabama,116441
9,CHAMBERS, Alabama,34772
10,CHEROKEE, Alabama,24971
11,CHILTON, Alabama,45014
12,CHOCTAW, Alabama,12665
13,CLARKE, Alabama,23087
14,CLAY, Alabama,14236
15,CLEBURNE, Alabama,15056
16,COFFEE, Alabama,53465
17,COLBERT, Alabama,57227
18,CONECUH, Alabama,11597
19,COOSA, Alabama,10387
20,COVINGTON, Alabama,37570
21,CRENSHAW, Alabama,13194
22,CULLMAN, Alabama,87866
23,DALE, Alabama,49326
24,DALLAS, Alabama,38462
25,DEKALB, Alabama,71608
26,ELMORE, Alabama,87977
27,ESCAMBIA, Alabama,36757
28,ETOWAH, Alabama,103436
29,FAYETTE, Alabama,16321
30,FRANKLIN, Alabama,32113
31,GENEVA, Alabama,26659
32,GREENE, Alabama,7730
33,HALE, Alabama,14785
34,HENRY, Alabama,17146
35,HOUSTON, Alabama,107202
36,JACKSON, Alabama,52579
37,JEFFERSON, Alabama,674721
38,LAMAR, Alabama,13972
39,LAUDERDALE, Alabama,93564
40,LAWRENCE, Alabama,33073
41,LEE, Alabama,174241
42,LIMESTONE, Alabama,103570
43,LOWNDES, Alabama,10311
44,MACON, Alabama,19532
45,MADISON, Alabama,388153
46,MARENGO, Alabama,19323
47,MARION, Alabama,29341
48,MARSHALL, Alabama,97612
49,MOBILE, Alabama,414809
50,MONROE, Alabama,19772
51,MONTGOMERY, Alabama,228954
52,MORGAN, Alabama,123421
53,PERRY, Alabama,8511
54,PICKENS, Alabama,19123
55,PIKE, Alabama,33009
56,RANDOLPH, Alabama,21967
57,RUSSELL, Alabama,59183
58,ST. CLAIR, Alabama,91103
59,SHELBY, Alabama,223024
60,SUMTER, Alabama,12345
61,TALLADEGA, Alabama,82149
62,TALLAPOOSA, Alabama,41311
63,TUSCALOOSA, Alabama,227036
64,WALKER, Alabama,65342
65,WASHINGTON, Alabama,15388
66,WILCOX, Alabama,10600
67,WINSTON, Alabama,23540
68,ALEUTIANS EAST BOROUGH, Alaska,3420
69,ALEUTIANS WEST CENSUS AREA, Alaska,5232
70,ANCHORAGE MUNICIPALITY, Alaska,291247
71,BETHEL CENSUS AREA, Alaska,18666
72,BRISTOL BAY BOROUGH, Alaska,844
73,CHUGACH CENSUS AREA, Alaska,7102
74,COPPER RIVER CENSUS AREA, Alaska,2617
75,DENALI BOROUGH, Alaska,1619
76,DILLINGHAM CENSUS AREA, Alaska,4857
77,FAIRBANKS NORTH STAR BOROUGH, Alaska,95655
78,HAINES BOROUGH, Alaska,2080
79,HOONAH-ANGOON CENSUS AREA, Alaska,2365
80,JUNEAU CITY AND BOROUGH, Alaska,32255
81,KENAI PENINSULA BOROUGH, Alaska,58799
82,KETCHIKAN GATEWAY BOROUGH, Alaska,13948
83,KODIAK ISLAND BOROUGH, Alaska,13101
84,KUSILVAK CENSUS AREA, Alaska,8368
85,LAKE AND PENINSULA BOROUGH, Alaska,1476
86,MATANUSKA-SUSITNA BOROUGH, Alaska,107081
87,NOME CENSUS AREA, Alaska,10046
88,NORTH SLOPE BOROUGH, Alaska,11031
89,NORTHWEST ARCTIC BOROUGH, Alaska,7793
90,PETERSBURG BOROUGH, Alaska,3398
91,PRINCE OF WALES-HYDER CENSUS AREA, Alaska,5753
92,SITKA CITY AND BOROUGH, Alaska,8458
93,SKAGWAY MUNICIPALITY, Alaska,1240
94,SOUTHEAST FAIRBANKS CENSUS AREA, Alaska,6808
95,WRANGELL CITY AND BOROUGH, Alaska,2127
96,YAKUTAT CITY AND BOROUGH, Alaska,662
97,YUKON-KOYUKUK CENSUS AREA, Alaska,5343
98,APACHE, Arizona,66021
99,COCHISE, Arizona,125447
100,COCONINO, Arizona,145101
101,GILA, Arizona,53272
102,GRAHAM, Arizona,38533
103,GREENLEE, Arizona,9563
104,LA PAZ, Arizona,16557
105,MARICOPA, Arizona,4420568
106,MOHAVE, Arizona,213267
107,NAVAJO, Arizona,106717
108,PIMA, Arizona,1043433
109,PINAL, Arizona,425264
110,SANTA CRUZ, Arizona,47669
111,YAVAPAI, Arizona,236209
112,YUMA, Arizona,203881
113,ARKANSAS, Arkansas,17149
114,ASHLEY, Arkansas,19062
115,BAXTER, Arkansas,41627
116,BENTON, Arkansas,284333
117,BOONE, Arkansas,37373
118,BRADLEY, Arkansas,10545
119,CALHOUN, Arkansas,4739
120,CARROLL, Arkansas,28260
121,CHICOT, Arkansas,10208
122,CLARK, Arkansas,21446
123,CLAY, Arkansas,14552
124,CLEBURNE, Arkansas,24711
125,CLEVELAND, Arkansas,7550
126,COLUMBIA, Arkansas,22801
127,CONWAY, Arkansas,20715
128,CRAIGHEAD, Arkansas,111231
129,CRAWFORD, Arkansas,60133
130,CRITTENDEN, Arkansas,48163
131,CROSS, Arkansas,16833
132,DALLAS, Arkansas,6482
133,DESHA, Arkansas,11395
134,DREW, Arkansas,17350
135,FAULKNER, Arkansas,123498
136,FRANKLIN, Arkansas,17097
137,FULTON, Arkansas,12075
138,GARLAND, Arkansas,100180
139,GRANT, Arkansas,17958
140,GREENE, Arkansas,45736
141,HEMPSTEAD, Arkansas,20065
142,HOT SPRING, Arkansas,33040
143,HOWARD, Arkansas,12785
144,INDEPENDENCE, Arkansas,37938
145,IZARD, Arkansas,13577
146,JACKSON, Arkansas,16755
147,JEFFERSON, Arkansas,67260
148,JOHNSON, Arkansas,25749
149,LAFAYETTE, Arkansas,6308
150,LAWRENCE, Arkansas,16216
151,LEE, Arkansas,8600
152,LINCOLN, Arkansas,12941
153,LITTLE RIVER, Arkansas,12026
154,LOGAN, Arkansas,21131
155,LONOKE, Arkansas,74015
156,MADISON, Arkansas,16521
157,MARION, Arkansas,16826
158,MILLER, Arkansas,42600
159,MISSISSIPPI, Arkansas,40685
160,MONROE, Arkansas,6799
161,MONTGOMERY, Arkansas,8484
162,NEVADA, Arkansas,8310
163,NEWTON, Arkansas,7225
164,OUACHITA, Arkansas,22650
165,PERRY, Arkansas,10019
166,PHILLIPS, Arkansas,16568
167,PIKE, Arkansas,10171
168,POINSETT, Arkansas,22965
169,POLK, Arkansas,19221
170,POPE, Arkansas,63381
171,PRAIRIE, Arkansas,8282
172,PULASKI, Arkansas,399125
173,RANDOLPH, Arkansas,18571
174,ST. FRANCIS, Arkansas,23090
175,SALINE, Arkansas,123416
176,SCOTT, Arkansas,9836
177,SEARCY, Arkansas,7828
178,SEBASTIAN, Arkansas,127799
179,SEVIER, Arkansas,15839
180,SHARP, Arkansas,17271
181,STONE, Arkansas,12359
182,UNION, Arkansas,39054
183,VAN BUREN, Arkansas,15796
184,WASHINGTON, Arkansas,245871
185,WHITE, Arkansas,76822
186,WOODRUFF, Arkansas,6269
187,YELL, Arkansas,20263
188,ALAMEDA, California,1682353
189,ALPINE, California,1204
190,AMADOR, California,40474
191,BUTTE, California,211632
192,CALAVERAS, California,45292
193,COLUSA, California,21839
194,CONTRA COSTA, California,1165927
195,DEL NORTE, California,27743
196,EL DORADO, California,191185
197,FRESNO, California,1008654
198,GLENN, California,28917
199,HUMBOLDT, California,136463
200,IMPERIAL, California,179702
201,INYO, California,19016
202,KERN, California,909235
203,KINGS, California,152486
204,LAKE, California,68163
205,LASSEN, California,32730
206,LOS ANGELES, California,10014009
207,MADERA, California,156255
208,MARIN, California,262321
209,MARIPOSA, California,17131
210,MENDOCINO, California,91601
211,MERCED, California,281202
212,MODOC, California,8700
213,MONO, California,13195
214,MONTEREY, California,439035
215,NAPA, California,138019
216,NEVADA, California,102241
217,ORANGE, California,3186989
218,PLACER, California,404739
219,PLUMAS, California,19790
220,RIVERSIDE, California,2418185
221,SACRAMENTO, California,1585055
222,SAN BENITO, California,64209
223,SAN BERNARDINO, California,2181654
224,SAN DIEGO, California,3298634
225,SAN FRANCISCO, California,873965
226,SAN JOAQUIN, California,779233
227,SAN LUIS OBISPO, California,282424
228,SAN MATEO, California,764442
229,SANTA BARBARA, California,448229
230,SANTA CLARA, California,1936259
231,SANTA CRUZ, California,270861
232,SHASTA, California,182155
233,SIERRA, California,3236
234,SISKIYOU, California,44076
235,SOLANO, California,453491
236,SONOMA, California,488863
237,STANISLAUS, California,552878
238,SUTTER, California,99633
239,TEHAMA, California,65829
240,TRINITY, California,16112
241,TULARE, California,473117
242,TUOLUMNE, California,55620
243,VENTURA, California,843843
244,YOLO, California,216403
245,YUBA, California,81575
246,ADAMS, Colorado,519572
247,ALAMOSA, Colorado,16376
248,ARAPAHOE, Colorado,655070
249,ARCHULETA, Colorado,13359
250,BACA, Colorado,3506
251,BENT, Colorado,5650
252,BOULDER, Colorado,330758
253,BROOMFIELD, Colorado,74112
254,CHAFFEE, Colorado,19476
255,CHEYENNE, Colorado,1748
256,CLEAR CREEK, Colorado,9397
257,CONEJOS, Colorado,7461
258,COSTILLA, Colorado,3499
259,CROWLEY, Colorado,5922
260,CUSTER, Colorado,4704
261,DELTA, Colorado,31196
262,DENVER, Colorado,715522
263,DOLORES, Colorado,2326
264,DOUGLAS, Colorado,357978
265,EAGLE, Colorado,55731
266,ELBERT, Colorado,26062
267,EL PASO, Colorado,730395
268,FREMONT, Colorado,48939
269,GARFIELD, Colorado,61685
270,GILPIN, Colorado,5808
271,GRAND, Colorado,15717
272,GUNNISON, Colorado,16918
273,HINSDALE, Colorado,788
274,HUERFANO, Colorado,6820
275,JACKSON, Colorado,1379
276,JEFFERSON, Colorado,582910
277,KIOWA, Colorado,1446
278,KIT CARSON, Colorado,7087
279,LAKE, Colorado,7436
280,LA PLATA, Colorado,55638
281,LARIMER, Colorado,359066
282,LAS ANIMAS, Colorado,14555
283,LINCOLN, Colorado,5675
284,LOGAN, Colorado,21528
285,MESA, Colorado,155703
286,MINERAL, Colorado,865
287,MOFFAT, Colorado,13292
288,MONTEZUMA, Colorado,25849
289,MONTROSE, Colorado,42679
290,MORGAN, Colorado,29111
291,OTERO, Colorado,18690
292,OURAY, Colorado,4874
293,PARK, Colorado,17390
294,PHILLIPS, Colorado,4530
295,PITKIN, Colorado,17358
296,PROWERS, Colorado,11999
297,PUEBLO, Colorado,168162
298,RIO BLANCO, Colorado,6529
299,RIO GRANDE, Colorado,11539
300,ROUTT, Colorado,24829
301,SAGUACHE, Colorado,6368
302,SAN JUAN, Colorado,705
303,SAN MIGUEL, Colorado,8072
304,SEDGWICK, Colorado,2404
305,SUMMIT, Colorado,31055
306,TELLER, Colorado,24710
307,WASHINGTON, Colorado,4817
308,WELD, Colorado,328981
309,YUMA, Colorado,9988
310,FAIRFIELD, Connecticut,957419
311,HARTFORD, Connecticut,899498
312,LITCHFIELD, Connecticut,185186
313,MIDDLESEX, Connecticut,164245
314,NEW HAVEN, Connecticut,864835
315,NEW LONDON, Connecticut,268555
316,TOLLAND, Connecticut,149788
317,WINDHAM, Connecticut,116418
318,KENT, Delaware,181851
319,NEW CASTLE, Delaware,570719
320,SUSSEX, Delaware,237378
321,DISTRICT OF COLUMBIA, District of Columbia,689545
322,ALACHUA, Florida,278468
323,BAKER, Florida,28259
324,BAY, Florida,175216
325,BRADFORD, Florida,28303
326,BREVARD, Florida,606612
327,BROWARD, Florida,1944375
328,CALHOUN, Florida,13648
329,CHARLOTTE, Florida,186847
330,CITRUS, Florida,153843
331,CLAY, Florida,218245
332,COLLIER, Florida,375752
333,COLUMBIA, Florida,69698
334,DESOTO, Florida,33976
335,DIXIE, Florida,16759
336,DUVAL, Florida,995567
337,ESCAMBIA, Florida,321905
338,FLAGLER, Florida,115378
339,FRANKLIN, Florida,12451
340,GADSDEN, Florida,43826
341,GILCHRIST, Florida,17864
342,GLADES, Florida,12126
343,GULF, Florida,14192
344,HAMILTON, Florida,14004
345,HARDEE, Florida,25327
346,HENDRY, Florida,39619
347,HERNANDO, Florida,194515
348,HIGHLANDS, Florida,101235
349,HILLSBOROUGH, Florida,1459762
350,HOLMES, Florida,19653
351,INDIAN RIVER, Florida,159788
352,JACKSON, Florida,47319
353,JEFFERSON, Florida,14510
354,LAFAYETTE, Florida,8226
355,LAKE, Florida,383956
356,LEE, Florida,760822
357,LEON, Florida,292198
358,LEVY, Florida,42915
359,LIBERTY, Florida,7974
360,MADISON, Florida,17968
361,MANATEE, Florida,399710
362,MARION, Florida,375908
363,MARTIN, Florida,158431
364,MIAMI-DADE, Florida,2701767
365,MONROE, Florida,82874
366,NASSAU, Florida,90352
367,OKALOOSA, Florida,211668
368,OKEECHOBEE, Florida,39644
369,ORANGE, Florida,1429908
370,OSCEOLA, Florida,388656
371,PALM BEACH, Florida,1492191
372,PASCO, Florida,561891
373,PINELLAS, Florida,959107
374,POLK, Florida,725046
375,PUTNAM, Florida,73321
376,ST. JOHNS, Florida,273425
377,ST. LUCIE, Florida,329226
378,SANTA ROSA, Florida,188000
379,SARASOTA, Florida,434006
380,SEMINOLE, Florida,470856
381,SUMTER, Florida,129752
382,SUWANNEE, Florida,43474
383,TAYLOR, Florida,21796
384,UNION, Florida,16147
385,VOLUSIA, Florida,553543
386,WAKULLA, Florida,33764
387,WALTON, Florida,75305
388,WASHINGTON, Florida,25318
389,APPLING, Georgia,18444
390,ATKINSON, Georgia,8286
391,BACON, Georgia,11140
392,BAKER, Georgia,2876
393,BALDWIN, Georgia,43799
394,BANKS, Georgia,18035
395,BARROW, Georgia,83505
396,BARTOW, Georgia,108901
397,BEN HILL, Georgia,17194
398,BERRIEN, Georgia,18160
399,BIBB, Georgia,157346
400,BLECKLEY, Georgia,12583
401,BRANTLEY, Georgia,18021
402,BROOKS, Georgia,16301
403,BRYAN, Georgia,44738
404,BULLOCH, Georgia,81099
405,BURKE, Georgia,24596
406,BUTTS, Georgia,25434
407,CALHOUN, Georgia,5573
408,CAMDEN, Georgia,54768
409,CANDLER, Georgia,10981
410,CARROLL, Georgia,119148
411,CATOOSA, Georgia,67872
412,CHARLTON, Georgia,12518
413,CHATHAM, Georgia,295291
414,CHATTAHOOCHEE, Georgia,9565
415,CHATTOOGA, Georgia,24965
416,CHEROKEE, Georgia,266620
417,CLARKE, Georgia,128671
418,CLAY, Georgia,2848
419,CLAYTON, Georgia,297595
420,CLINCH, Georgia,6749
421,COBB, Georgia,766149
422,COFFEE, Georgia,43092
423,COLQUITT, Georgia,45898
424,COLUMBIA, Georgia,156010
425,COOK, Georgia,17229
426,COWETA, Georgia,146158
427,CRAWFORD, Georgia,12130
428,CRISP, Georgia,20128
429,DADE, Georgia,16251
430,DAWSON, Georgia,26798
431,DECATUR, Georgia,29367
432,DEKALB, Georgia,764382
433,DODGE, Georgia,19925
434,DOOLY, Georgia,11208
435,DOUGHERTY, Georgia,85790
436,DOUGLAS, Georgia,144237
437,EARLY, Georgia,10854
438,ECHOLS, Georgia,3697
439,EFFINGHAM, Georgia,64769
440,ELBERT, Georgia,19637
441,EMANUEL, Georgia,22768
442,EVANS, Georgia,10774
443,FANNIN, Georgia,25319
444,FAYETTE, Georgia,119194
445,FLOYD, Georgia,98584
446,FORSYTH, Georgia,251283
447,FRANKLIN, Georgia,23424
448,FULTON, Georgia,1066710
449,GILMER, Georgia,31353
450,GLASCOCK, Georgia,2884
451,GLYNN, Georgia,84499
452,GORDON, Georgia,57544
453,GRADY, Georgia,26236
454,GREENE, Georgia,18915
455,GWINNETT, Georgia,957062
456,HABERSHAM, Georgia,46031
457,HALL, Georgia,203136
458,HANCOCK, Georgia,8735
459,HARALSON, Georgia,29919
460,HARRIS, Georgia,34668
461,HART, Georgia,25828
462,HEARD, Georgia,11412
463,HENRY, Georgia,240712
464,HOUSTON, Georgia,163633
465,IRWIN, Georgia,9666
466,JACKSON, Georgia,75907
467,JASPER, Georgia,14588
468,JEFF DAVIS, Georgia,14779
469,JEFFERSON, Georgia,15709
470,JENKINS, Georgia,8674
471,JOHNSON, Georgia,9189
472,JONES, Georgia,28347
473,LAMAR, Georgia,18500
474,LANIER, Georgia,9877
475,LAURENS, Georgia,49570
476,LEE, Georgia,33163
477,LIBERTY, Georgia,65256
478,LINCOLN, Georgia,7690
479,LONG, Georgia,16168
480,LOWNDES, Georgia,118251
481,LUMPKIN, Georgia,33488
482,MCDUFFIE, Georgia,21632
483,MCINTOSH, Georgia,10975
484,MACON, Georgia,12082
485,MADISON, Georgia,30120
486,MARION, Georgia,7498
487,MERIWETHER, Georgia,20613
488,MILLER, Georgia,6000
489,MITCHELL, Georgia,21755
490,MONROE, Georgia,27957
491,MONTGOMERY, Georgia,8610
492,MORGAN, Georgia,20097
493,MURRAY, Georgia,39973
494,MUSCOGEE, Georgia,206922
495,NEWTON, Georgia,112483
496,OCONEE, Georgia,41799
497,OGLETHORPE, Georgia,14825
498,PAULDING, Georgia,168661
499,PEACH, Georgia,27981
500,PICKENS, Georgia,33216
501,PIERCE, Georgia,19716
502,PIKE, Georgia,18889
503,POLK, Georgia,42853
504,PULASKI, Georgia,9855
505,PUTNAM, Georgia,22047
506,QUITMAN, Georgia,2235
507,RABUN, Georgia,16883
508,RANDOLPH, Georgia,6425
509,RICHMOND, Georgia,206607
510,ROCKDALE, Georgia,93570
511,SCHLEY, Georgia,4547
512,SCREVEN, Georgia,14067
513,SEMINOLE, Georgia,9147
514,SPALDING, Georgia,67306
515,STEPHENS, Georgia,26784
516,STEWART, Georgia,5314
517,SUMTER, Georgia,29616
518,TALBOT, Georgia,5733
519,TALIAFERRO, Georgia,1559
520,TATTNALL, Georgia,22842
521,TAYLOR, Georgia,7816
522,TELFAIR, Georgia,12477
523,TERRELL, Georgia,9185
524,THOMAS, Georgia,45798
525,TIFT, Georgia,41344
526,TOOMBS, Georgia,27030
527,TOWNS, Georgia,12493
528,TREUTLEN, Georgia,6406
529,TROUP, Georgia,69426
530,TURNER, Georgia,9006
531,TWIGGS, Georgia,8022
532,UNION, Georgia,24632
533,UPSON, Georgia,27700
534,WALKER, Georgia,67654
535,WALTON, Georgia,96673
536,WARE, Georgia,36251
537,WARREN, Georgia,5215
538,WASHINGTON, Georgia,19988
539,WAYNE, Georgia,30144
540,WEBSTER, Georgia,2348
541,WHEELER, Georgia,7471
542,WHITE, Georgia,28003
543,WHITFIELD, Georgia,102864
544,WILCOX, Georgia,8766
545,WILKES, Georgia,9565
546,WILKINSON, Georgia,8877
547,WORTH, Georgia,20784
548,HAWAII, Hawaii,200629
549,HONOLULU, Hawaii,1016508
550,KALAWAO, Hawaii,82
551,KAUAI, Hawaii,73298
552,MAUI, Hawaii,164754
553,ADA, Idaho,494967
554,ADAMS, Idaho,4379
555,BANNOCK, Idaho,87018
556,BEAR LAKE, Idaho,6372
557,BENEWAH, Idaho,9530
558,BINGHAM, Idaho,47992
559,BLAINE, Idaho,24272
560,BOISE, Idaho,7610
561,BONNER, Idaho,47110
562,BONNEVILLE, Idaho,123964
563,BOUNDARY, Idaho,12056
564,BUTTE, Idaho,2574
565,CAMAS, Idaho,1077
566,CANYON, Idaho,231105
567,CARIBOU, Idaho,7027
568,CASSIA, Idaho,24655
569,CLARK, Idaho,790
570,CLEARWATER, Idaho,8734
571,CUSTER, Idaho,4275
572,ELMORE, Idaho,28666
573,FRANKLIN, Idaho,14194
574,FREMONT, Idaho,13388
575,GEM, Idaho,19123
576,GOODING, Idaho,15598
577,IDAHO, Idaho,16541
578,JEFFERSON, Idaho,30891
579,JEROME, Idaho,24237
580,KOOTENAI, Idaho,171362
581,LATAH, Idaho,39517
582,LEMHI, Idaho,7974
583,LEWIS, Idaho,3533
584,LINCOLN, Idaho,5127
585,MADISON, Idaho,52913
586,MINIDOKA, Idaho,21613
587,NEZ PERCE, Idaho,42090
588,ONEIDA, Idaho,4564
589,OWYHEE, Idaho,11913
590,PAYETTE, Idaho,25386
591,POWER, Idaho,7878
592,SHOSHONE, Idaho,13169
593,TETON, Idaho,11630
594,TWIN FALLS, Idaho,90046
595,VALLEY, Idaho,11746
596,WASHINGTON, Idaho,10500
597,ADAMS, Illinois,65737
598,ALEXANDER, Illinois,5240
599,BOND, Illinois,16725
600,BOONE, Illinois,53448
601,BROWN, Illinois,6244
602,BUREAU, Illinois,33244
603,CALHOUN, Illinois,4437
604,CARROLL, Illinois,15702
605,CASS, Illinois,13042
606,CHAMPAIGN, Illinois,205865
607,CHRISTIAN, Illinois,34032
608,CLARK, Illinois,15455
609,CLAY, Illinois,13288
610,CLINTON, Illinois,36899
611,COLES, Illinois,46863
612,COOK, Illinois,5275541
613,CRAWFORD, Illinois,18679
614,CUMBERLAND, Illinois,10450
615,DEKALB, Illinois,100420
616,DE WITT, Illinois,15516
617,DOUGLAS, Illinois,19740
618,DUPAGE, Illinois,932877
619,EDGAR, Illinois,16866
620,EDWARDS, Illinois,6245
621,EFFINGHAM, Illinois,34668
622,FAYETTE, Illinois,21488
623,FORD, Illinois,13534
624,FRANKLIN, Illinois,37804
625,FULTON, Illinois,33609
626,GALLATIN, Illinois,4946
627,GREENE, Illinois,11985
628,GRUNDY, Illinois,52533
629,HAMILTON, Illinois,7993
630,HANCOCK, Illinois,17620
631,HARDIN, Illinois,3649
632,HENDERSON, Illinois,6387
633,HENRY, Illinois,49284
634,IROQUOIS, Illinois,27077
635,JACKSON, Illinois,52974
636,JASPER, Illinois,9287
637,JEFFERSON, Illinois,37113
638,JERSEY, Illinois,21512
639,JO DAVIESS, Illinois,22035
640,JOHNSON, Illinois,13308
641,KANE, Illinois,516522
642,KANKAKEE, Illinois,107502
643,KENDALL, Illinois,131869
644,KNOX, Illinois,49967
645,LAKE, Illinois,714342
646,LASALLE, Illinois,109658
647,LAWRENCE, Illinois,15280
648,LEE, Illinois,34145
649,LIVINGSTON, Illinois,35815
650,LOGAN, Illinois,27987
651,MCDONOUGH, Illinois,27238
652,MCHENRY, Illinois,310229
653,MCLEAN, Illinois,170954
654,MACON, Illinois,103998
655,MACOUPIN, Illinois,44967
656,MADISON, Illinois,265859
657,MARION, Illinois,37729
658,MARSHALL, Illinois,11742
659,MASON, Illinois,13086
660,MASSAC, Illinois,14169
661,MENARD, Illinois,12297
662,MERCER, Illinois,15699
663,MONROE, Illinois,34962
664,MONTGOMERY, Illinois,28288
665,MORGAN, Illinois,32915
666,MOULTRIE, Illinois,14526
667,OGLE, Illinois,51788
668,PEORIA, Illinois,181830
669,PERRY, Illinois,20945
670,PIATT, Illinois,16673
671,PIKE, Illinois,14739
672,POPE, Illinois,3763
673,PULASKI, Illinois,5193
674,PUTNAM, Illinois,5637
675,RANDOLPH, Illinois,30163
676,RICHLAND, Illinois,15813
677,ROCK ISLAND, Illinois,144672
678,ST. CLAIR, Illinois,257400
679,SALINE, Illinois,23768
680,SANGAMON, Illinois,196343
681,SCHUYLER, Illinois,6902
682,SCOTT, Illinois,4949
683,SHELBY, Illinois,20990
684,STARK, Illinois,5400
685,STEPHENSON, Illinois,44630
686,TAZEWELL, Illinois,131343
687,UNION, Illinois,17244
688,VERMILION, Illinois,74188
689,WABASH, Illinois,11361
690,WARREN, Illinois,16835
691,WASHINGTON, Illinois,13761
692,WAYNE, Illinois,16179
693,WHITE, Illinois,13877
694,WHITESIDE, Illinois,55691
695,WILL, Illinois,696355
696,WILLIAMSON, Illinois,67153
697,WINNEBAGO, Illinois,285350
698,WOODFORD, Illinois,38467
699,ADAMS, Indiana,35809
700,ALLEN, Indiana,385410
701,BARTHOLOMEW, Indiana,82208
702,BENTON, Indiana,8719
703,BLACKFORD, Indiana,12112
704,BOONE, Indiana,70812
705,BROWN, Indiana,15475
706,CARROLL, Indiana,20306
707,CASS, Indiana,37870
708,CLARK, Indiana,121093
709,CLAY, Indiana,26466
710,CLINTON, Indiana,33190
711,CRAWFORD, Indiana,10526
712,DAVIESS, Indiana,33381
713,DEARBORN, Indiana,50679
714,DECATUR, Indiana,26472
715,DEKALB, Indiana,43265
716,DELAWARE, Indiana,111903
717,DUBOIS, Indiana,43637
718,ELKHART, Indiana,207047
719,FAYETTE, Indiana,23398
720,FLOYD, Indiana,80484
721,FOUNTAIN, Indiana,16479
722,FRANKLIN, Indiana,22785
723,FULTON, Indiana,20480
724,GIBSON, Indiana,33011
725,GRANT, Indiana,66674
726,GREENE, Indiana,30803
727,HAMILTON, Indiana,347467
728,HANCOCK, Indiana,79840
729,HARRISON, Indiana,39654
730,HENDRICKS, Indiana,174788
731,HENRY, Indiana,48914
732,HOWARD, Indiana,83658
733,HUNTINGTON, Indiana,36662
734,JACKSON, Indiana,46428
735,JASPER, Indiana,32918
736,JAY, Indiana,20478
737,JEFFERSON, Indiana,33147
738,JENNINGS, Indiana,27613
739,JOHNSON, Indiana,161765
740,KNOX, Indiana,36282
741,KOSCIUSKO, Indiana,80240
742,LAGRANGE, Indiana,40446
743,LAKE, Indiana,498700
744,LAPORTE, Indiana,112417
745,LAWRENCE, Indiana,45011
746,MADISON, Indiana,130129
747,MARION, Indiana,977203
748,MARSHALL, Indiana,46095
749,MARTIN, Indiana,9812
750,MIAMI, Indiana,35962
751,MONROE, Indiana,139718
752,MONTGOMERY, Indiana,37936
753,MORGAN, Indiana,71780
754,NEWTON, Indiana,13830
755,NOBLE, Indiana,47457
756,OHIO, Indiana,5940
757,ORANGE, Indiana,19867
758,OWEN, Indiana,21321
759,PARKE, Indiana,16156
760,PERRY, Indiana,19170
761,PIKE, Indiana,12250
762,PORTER, Indiana,173215
763,POSEY, Indiana,25222
764,PULASKI, Indiana,12514
765,PUTNAM, Indiana,36726
766,RANDOLPH, Indiana,24502
767,RIPLEY, Indiana,28995
768,RUSH, Indiana,16752
769,ST. JOSEPH, Indiana,272912
770,SCOTT, Indiana,24384
771,SHELBY, Indiana,45055
772,SPENCER, Indiana,19810
773,STARKE, Indiana,23371
774,STEUBEN, Indiana,34435
775,SULLIVAN, Indiana,20817
776,SWITZERLAND, Indiana,9737
777,TIPPECANOE, Indiana,186251
778,TIPTON, Indiana,15359
779,UNION, Indiana,7087
780,VANDERBURGH, Indiana,180136
781,VERMILLION, Indiana,15439
782,VIGO, Indiana,106153
783,WABASH, Indiana,30976
784,WARREN, Indiana,8440
785,WARRICK, Indiana,63898
786,WASHINGTON, Indiana,28182
787,WAYNE, Indiana,66553
788,WELLS, Indiana,28180
789,WHITE, Indiana,24688
790,WHITLEY, Indiana,34191
791,ADAIR, Iowa,7496
792,ADAMS, Iowa,3704
793,ALLAMAKEE, Iowa,14061
794,APPANOOSE, Iowa,12317
795,AUDUBON, Iowa,5674
796,BENTON, Iowa,25575
797,BLACK HAWK, Iowa,131144
798,BOONE, Iowa,26715
799,BREMER, Iowa,24988
800,BUCHANAN, Iowa,20565
801,BUENA VISTA, Iowa,20823
802,BUTLER, Iowa,14334
803,CALHOUN, Iowa,9927
804,CARROLL, Iowa,20760
805,CASS, Iowa,13127
806,CEDAR, Iowa,18505
807,CERRO GORDO, Iowa,43127
808,CHEROKEE, Iowa,11658
809,CHICKASAW, Iowa,12012
810,CLARKE, Iowa,9748
811,CLAY, Iowa,16384
812,CLAYTON, Iowa,17043
813,CLINTON, Iowa,46460
814,CRAWFORD, Iowa,16525
815,DALLAS, Iowa,99678
816,DAVIS, Iowa,9110
817,DECATUR, Iowa,7645
818,DELAWARE, Iowa,17488
819,DES MOINES, Iowa,38910
820,DICKINSON, Iowa,17703
821,DUBUQUE, Iowa,99266
822,EMMET, Iowa,9388
823,FAYETTE, Iowa,19509
824,FLOYD, Iowa,15627
825,FRANKLIN, Iowa,10019
826,FREMONT, Iowa,6605
827,GREENE, Iowa,8771
828,GRUNDY, Iowa,12329
829,GUTHRIE, Iowa,10623
830,HAMILTON, Iowa,15039
831,HANCOCK, Iowa,10795
832,HARDIN, Iowa,16878
833,HARRISON, Iowa,14582
834,HENRY, Iowa,20482
835,HOWARD, Iowa,9469
836,HUMBOLDT, Iowa,9597
837,IDA, Iowa,7005
838,IOWA, Iowa,16662
839,JACKSON, Iowa,19485
840,JASPER, Iowa,37813
841,JEFFERSON, Iowa,15663
842,JOHNSON, Iowa,152854
843,JONES, Iowa,20646
844,KEOKUK, Iowa,10033
845,KOSSUTH, Iowa,14828
846,LEE, Iowa,33555
847,LINN, Iowa,230299
848,LOUISA, Iowa,10837
849,LUCAS, Iowa,8634
850,LYON, Iowa,11934
851,MADISON, Iowa,16548
852,MAHASKA, Iowa,22190
853,MARION, Iowa,33414
854,MARSHALL, Iowa,40105
855,MILLS, Iowa,14484
856,MITCHELL, Iowa,10565
857,MONONA, Iowa,8751
858,MONROE, Iowa,7577
859,MONTGOMERY, Iowa,10330
860,MUSCATINE, Iowa,43235
861,O'BRIEN, Iowa,14182
862,OSCEOLA, Iowa,6192
863,PAGE, Iowa,15211
864,PALO ALTO, Iowa,8996
865,PLYMOUTH, Iowa,25698
866,POCAHONTAS, Iowa,7078
867,POLK, Iowa,492401
868,POTTAWATTAMIE, Iowa,93667
869,POWESHIEK, Iowa,18662
870,RINGGOLD, Iowa,4663
871,SAC, Iowa,9814
872,SCOTT, Iowa,174669
873,SHELBY, Iowa,11746
874,SIOUX, Iowa,35872
875,STORY, Iowa,98537
876,TAMA, Iowa,17135
877,TAYLOR, Iowa,5896
878,UNION, Iowa,12138
879,VAN BUREN, Iowa,7203
880,WAPELLO, Iowa,35437
881,WARREN, Iowa,52403
882,WASHINGTON, Iowa,22565
883,WAYNE, Iowa,6497
884,WEBSTER, Iowa,36999
885,WINNEBAGO, Iowa,10679
886,WINNESHIEK, Iowa,20070
887,WOODBURY, Iowa,105941
888,WORTH, Iowa,7443
889,WRIGHT, Iowa,12943
890,ALLEN, Kansas,12526
891,ANDERSON, Kansas,7836
892,ATCHISON, Kansas,16348
893,BARBER, Kansas,4228
894,BARTON, Kansas,25493
895,BOURBON, Kansas,14360
896,BROWN, Kansas,9508
897,BUTLER, Kansas,67380
898,CHASE, Kansas,2572
899,CHAUTAUQUA, Kansas,3379
900,CHEROKEE, Kansas,19362
901,CHEYENNE, Kansas,2616
902,CLARK, Kansas,1991
903,CLAY, Kansas,8117
904,CLOUD, Kansas,9032
905,COFFEY, Kansas,8360
906,COMANCHE, Kansas,1689
907,COWLEY, Kansas,34549
908,CRAWFORD, Kansas,38972
909,DECATUR, Kansas,2764
910,DICKINSON, Kansas,18402
911,DONIPHAN, Kansas,7510
912,DOUGLAS, Kansas,118785
913,EDWARDS, Kansas,2907
914,ELK, Kansas,2483
915,ELLIS, Kansas,28934
916,ELLSWORTH, Kansas,6376
917,FINNEY, Kansas,38470
918,FORD, Kansas,34287
919,FRANKLIN, Kansas,25996
920,GEARY, Kansas,36739
921,GOVE, Kansas,2718
922,GRAHAM, Kansas,2415
923,GRANT, Kansas,7352
924,GRAY, Kansas,5653
925,GREELEY, Kansas,1284
926,GREENWOOD, Kansas,6016
927,HAMILTON, Kansas,2518
928,HARPER, Kansas,5485
929,HARVEY, Kansas,34024
930,HASKELL, Kansas,3780
931,HODGEMAN, Kansas,1723
932,JACKSON, Kansas,13232
933,JEFFERSON, Kansas,18368
934,JEWELL, Kansas,2932
935,JOHNSON, Kansas,609863
936,KEARNY, Kansas,3983
937,KINGMAN, Kansas,7470
938,KIOWA, Kansas,2460
939,LABETTE, Kansas,20184
940,LANE, Kansas,1574
941,LEAVENWORTH, Kansas,81881
942,LINCOLN, Kansas,2939
943,LINN, Kansas,9591
944,LOGAN, Kansas,2762
945,LYON, Kansas,32179
946,MCPHERSON, Kansas,30223
947,MARION, Kansas,11823
948,MARSHALL, Kansas,10038
949,MEADE, Kansas,4055
950,MIAMI, Kansas,34191
951,MITCHELL, Kansas,5796
952,MONTGOMERY, Kansas,31486
953,MORRIS, Kansas,5386
954,MORTON, Kansas,2701
955,NEMAHA, Kansas,10273
956,NEOSHO, Kansas,15904
957,NESS, Kansas,2687
958,NORTON, Kansas,5459
959,OSAGE, Kansas,15766
960,OSBORNE, Kansas,3500
961,OTTAWA, Kansas,5735
962,PAWNEE, Kansas,6253
963,PHILLIPS, Kansas,4981
964,POTTAWATOMIE, Kansas,25348
965,PRATT, Kansas,9157
966,RAWLINS, Kansas,2561
967,RENO, Kansas,61898
968,REPUBLIC, Kansas,4674
969,RICE, Kansas,9427
970,RILEY, Kansas,71959
971,ROOKS, Kansas,4919
972,RUSH, Kansas,2956
973,RUSSELL, Kansas,6691
974,SALINE, Kansas,54303
975,SCOTT, Kansas,5151
976,SEDGWICK, Kansas,523824
977,SEWARD, Kansas,21964
978,SHAWNEE, Kansas,178909
979,SHERIDAN, Kansas,2447
980,SHERMAN, Kansas,5927
981,SMITH, Kansas,3570
982,STAFFORD, Kansas,4072
983,STANTON, Kansas,2084
984,STEVENS, Kansas,5250
985,SUMNER, Kansas,22382
986,THOMAS, Kansas,7930
987,TREGO, Kansas,2808
988,WABAUNSEE, Kansas,6877
989,WALLACE, Kansas,1512
990,WASHINGTON, Kansas,5530
991,WICHITA, Kansas,2152
992,WILSON, Kansas,8624
993,WOODSON, Kansas,3115
994,WYANDOTTE, Kansas,169245
995,ADAIR, Kentucky,18903
996,ALLEN, Kentucky,20588
997,ANDERSON, Kentucky,23852
998,BALLARD, Kentucky,7728
999,BARREN, Kentucky,44485
1000,BATH, Kentucky,12750
1001,BELL, Kentucky,24097
1002,BOONE, Kentucky,135968
1003,BOURBON, Kentucky,20252
1004,BOYD, Kentucky,48261
1005,BOYLE, Kentucky,30614
1006,BRACKEN, Kentucky,8400
1007,BREATHITT, Kentucky,13718
1008,BRECKINRIDGE, Kentucky,20432
1009,BULLITT, Kentucky,82217
1010,BUTLER, Kentucky,12371
1011,CALDWELL, Kentucky,12649
1012,CALLOWAY, Kentucky,37103
1013,CAMPBELL, Kentucky,93076
1014,CARLISLE, Kentucky,4826
1015,CARROLL, Kentucky,10810
1016,CARTER, Kentucky,26627
1017,CASEY, Kentucky,15941
1018,CHRISTIAN, Kentucky,72748
1019,CLARK, Kentucky,36972
1020,CLAY, Kentucky,20345
1021,CLINTON, Kentucky,9253
1022,CRITTENDEN, Kentucky,8990
1023,CUMBERLAND, Kentucky,5888
1024,DAVIESS, Kentucky,103312
1025,EDMONSON, Kentucky,12126
1026,ELLIOTT, Kentucky,7354
1027,ESTILL, Kentucky,14163
1028,FAYETTE, Kentucky,322570
1029,FLEMING, Kentucky,15082
1030,FLOYD, Kentucky,35942
1031,FRANKLIN, Kentucky,51541
1032,FULTON, Kentucky,6515
1033,GALLATIN, Kentucky,8690
1034,GARRARD, Kentucky,16953
1035,GRANT, Kentucky,24941
1036,GRAVES, Kentucky,36649
1037,GRAYSON, Kentucky,26420
1038,GREEN, Kentucky,11107
1039,GREENUP, Kentucky,35962
1040,HANCOCK, Kentucky,9095
1041,HARDIN, Kentucky,110702
1042,HARLAN, Kentucky,26831
1043,HARRISON, Kentucky,18692
1044,HART, Kentucky,19288
1045,HENDERSON, Kentucky,44793
1046,HENRY, Kentucky,15678
1047,HICKMAN, Kentucky,4521
1048,HOPKINS, Kentucky,45423
1049,JACKSON, Kentucky,12955
1050,JEFFERSON, Kentucky,782969
1051,JESSAMINE, Kentucky,52991
1052,JOHNSON, Kentucky,22680
1053,KENTON, Kentucky,169064
1054,KNOTT, Kentucky,14251
1055,KNOX, Kentucky,30193
1056,LARUE, Kentucky,14867
1057,LAUREL, Kentucky,62613
1058,LAWRENCE, Kentucky,16293
1059,LEE, Kentucky,7395
1060,LESLIE, Kentucky,10513
1061,LETCHER, Kentucky,21548
1062,LEWIS, Kentucky,13080
1063,LINCOLN, Kentucky,24275
1064,LIVINGSTON, Kentucky,8888
1065,LOGAN, Kentucky,27432
1066,LYON, Kentucky,8680
1067,MCCRACKEN, Kentucky,67875
1068,MCCREARY, Kentucky,16888
1069,MCLEAN, Kentucky,9152
1070,MADISON, Kentucky,92701
1071,MAGOFFIN, Kentucky,11637
1072,MARION, Kentucky,19581
1073,MARSHALL, Kentucky,31659
1074,MARTIN, Kentucky,11287
1075,MASON, Kentucky,17120
1076,MEADE, Kentucky,30003
1077,MENIFEE, Kentucky,6113
1078,MERCER, Kentucky,22641
1079,METCALFE, Kentucky,10286
1080,MONROE, Kentucky,11338
1081,MONTGOMERY, Kentucky,28114
1082,MORGAN, Kentucky,13726
1083,MUHLENBERG, Kentucky,30928
1084,NELSON, Kentucky,46738
1085,NICHOLAS, Kentucky,7537
1086,OHIO, Kentucky,23772
1087,OLDHAM, Kentucky,67607
1088,OWEN, Kentucky,11278
1089,OWSLEY, Kentucky,4051
1090,PENDLETON, Kentucky,14644
1091,PERRY, Kentucky,28473
1092,PIKE, Kentucky,58669
1093,POWELL, Kentucky,13129
1094,PULASKI, Kentucky,65034
1095,ROBERTSON, Kentucky,2193
1096,ROCKCASTLE, Kentucky,16037
1097,ROWAN, Kentucky,24662
1098,RUSSELL, Kentucky,17991
1099,SCOTT, Kentucky,57155
1100,SHELBY, Kentucky,48065
1101,SIMPSON, Kentucky,19594
1102,SPENCER, Kentucky,19490
1103,TAYLOR, Kentucky,26023
1104,TODD, Kentucky,12243
1105,TRIGG, Kentucky,14061
1106,TRIMBLE, Kentucky,8474
1107,UNION, Kentucky,13668
1108,WARREN, Kentucky,134554
1109,WASHINGTON, Kentucky,12027
1110,WAYNE, Kentucky,19555
1111,WEBSTER, Kentucky,13017
1112,WHITLEY, Kentucky,36712
1113,WOLFE, Kentucky,6562
1114,WOODFORD, Kentucky,26871
1115,ACADIA PARISH, Louisiana,57576
1116,ALLEN PARISH, Louisiana,22750
1117,ASCENSION PARISH, Louisiana,126500
1118,ASSUMPTION PARISH, Louisiana,21039
1119,AVOYELLES PARISH, Louisiana,39693
1120,BEAUREGARD PARISH, Louisiana,36549
1121,BIENVILLE PARISH, Louisiana,12981
1122,BOSSIER PARISH, Louisiana,128746
1123,CADDO PARISH, Louisiana,237848
1124,CALCASIEU PARISH, Louisiana,216785
1125,CALDWELL PARISH, Louisiana,9645
1126,CAMERON PARISH, Louisiana,5617
1127,CATAHOULA PARISH, Louisiana,8906
1128,CLAIBORNE PARISH, Louisiana,14170
1129,CONCORDIA PARISH, Louisiana,18687
1130,DE SOTO PARISH, Louisiana,26812
1131,EAST BATON ROUGE PARISH, Louisiana,456781
1132,EAST CARROLL PARISH, Louisiana,7459
1133,EAST FELICIANA PARISH, Louisiana,19539
1134,EVANGELINE PARISH, Louisiana,32350
1135,FRANKLIN PARISH, Louisiana,19774
1136,GRANT PARISH, Louisiana,22169
1137,IBERIA PARISH, Louisiana,69929
1138,IBERVILLE PARISH, Louisiana,30241
1139,JACKSON PARISH, Louisiana,15031
1140,JEFFERSON PARISH, Louisiana,440781
1141,JEFFERSON DAVIS PARISH, Louisiana,32250
1142,LAFAYETTE PARISH, Louisiana,241753
1143,LAFOURCHE PARISH, Louisiana,97557
1144,LASALLE PARISH, Louisiana,14791
1145,LINCOLN PARISH, Louisiana,48396
1146,LIVINGSTON PARISH, Louisiana,142282
1147,MADISON PARISH, Louisiana,10017
1148,MOREHOUSE PARISH, Louisiana,25629
1149,NATCHITOCHES PARISH, Louisiana,37515
1150,ORLEANS PARISH, Louisiana,383997
1151,OUACHITA PARISH, Louisiana,160368
1152,PLAQUEMINES PARISH, Louisiana,23515
1153,POINTE COUPEE PARISH, Louisiana,20758
1154,RAPIDES PARISH, Louisiana,130023
1155,RED RIVER PARISH, Louisiana,7620
1156,RICHLAND PARISH, Louisiana,20043
1157,SABINE PARISH, Louisiana,22155
1158,ST. BERNARD PARISH, Louisiana,43764
1159,ST. CHARLES PARISH, Louisiana,52549
1160,ST. HELENA PARISH, Louisiana,10920
1161,ST. JAMES PARISH, Louisiana,20192
1162,ST. JOHN THE BAPTIST PARISH, Louisiana,42477
1163,ST. LANDRY PARISH, Louisiana,82540
1164,ST. MARTIN PARISH, Louisiana,51767
1165,ST. MARY PARISH, Louisiana,49406
1166,ST. TAMMANY PARISH, Louisiana,264570
1167,TANGIPAHOA PARISH, Louisiana,133157
1168,TENSAS PARISH, Louisiana,4147
1169,TERREBONNE PARISH, Louisiana,109580
1170,UNION PARISH, Louisiana,21107
1171,VERMILION PARISH, Louisiana,57359
1172,VERNON PARISH, Louisiana,48750
1173,WASHINGTON PARISH, Louisiana,45463
1174,WEBSTER PARISH, Louisiana,36967
1175,WEST BATON ROUGE PARISH, Louisiana,27199
1176,WEST CARROLL PARISH, Louisiana,9751
1177,WEST FELICIANA PARISH, Louisiana,15310
1178,WINN PARISH, Louisiana,13755
1179,ANDROSCOGGIN, Maine,111139
1180,AROOSTOOK, Maine,67105
1181,CUMBERLAND, Maine,303069
1182,FRANKLIN, Maine,29456
1183,HANCOCK, Maine,55478
1184,KENNEBEC, Maine,123642
1185,KNOX, Maine,40607
1186,LINCOLN, Maine,35237
1187,OXFORD, Maine,57777
1188,PENOBSCOT, Maine,152199
1189,PISCATAQUIS, Maine,16800
1190,SAGADAHOC, Maine,36699
1191,SOMERSET, Maine,50477
1192,WALDO, Maine,39607
1193,WASHINGTON, Maine,31095
1194,YORK, Maine,211972
1195,ALLEGANY, Maryland,68106
1196,ANNE ARUNDEL, Maryland,588261
1197,BALTIMORE, Maryland,854535
1198,CALVERT, Maryland,92783
1199,CAROLINE, Maryland,33293
1200,CARROLL, Maryland,172891
1201,CECIL, Maryland,103725
1202,CHARLES, Maryland,166617
1203,DORCHESTER, Maryland,32531
1204,FREDERICK, Maryland,271717
1205,GARRETT, Maryland,28806
1206,HARFORD, Maryland,260924
1207,HOWARD, Maryland,332317
1208,KENT, Maryland,19198
1209,MONTGOMERY, Maryland,1062061
1210,PRINCE GEORGE'S, Maryland,967201
1211,QUEEN ANNE'S, Maryland,49874
1212,ST. MARY'S, Maryland,113777
1213,SOMERSET, Maryland,24620
1214,TALBOT, Maryland,37526
1215,WASHINGTON, Maryland,154705
1216,WICOMICO, Maryland,103588
1217,WORCESTER, Maryland,52460
1218,BALTIMORE CITY, Maryland,585708
1219,BARNSTABLE, Massachusetts,228996
1220,BERKSHIRE, Massachusetts,129026
1221,BRISTOL, Massachusetts,579200
1222,DUKES, Massachusetts,20600
1223,ESSEX, Massachusetts,809829
1224,FRANKLIN, Massachusetts,71029
1225,HAMPDEN, Massachusetts,465825
1226,HAMPSHIRE, Massachusetts,162308
1227,MIDDLESEX, Massachusetts,1632002
1228,NANTUCKET, Massachusetts,14255
1229,NORFOLK, Massachusetts,725981
1230,PLYMOUTH, Massachusetts,530819
1231,SUFFOLK, Massachusetts,797936
1232,WORCESTER, Massachusetts,862111
1233,ALCONA, Michigan,10167
1234,ALGER, Michigan,8842
1235,ALLEGAN, Michigan,120502
1236,ALPENA, Michigan,28907
1237,ANTRIM, Michigan,23431
1238,ARENAC, Michigan,15002
1239,BARAGA, Michigan,8158
1240,BARRY, Michigan,62423
1241,BAY, Michigan,103856
1242,BENZIE, Michigan,17970
1243,BERRIEN, Michigan,154316
1244,BRANCH, Michigan,44862
1245,CALHOUN, Michigan,134310
1246,CASS, Michigan,51589
1247,CHARLEVOIX, Michigan,26054
1248,CHEBOYGAN, Michigan,25579
1249,CHIPPEWA, Michigan,36785
1250,CLARE, Michigan,30856
1251,CLINTON, Michigan,79128
1252,CRAWFORD, Michigan,12988
1253,DELTA, Michigan,36903
1254,DICKINSON, Michigan,25947
1255,EATON, Michigan,109175
1256,EMMET, Michigan,34112
1257,GENESEE, Michigan,406211
1258,GLADWIN, Michigan,25386
1259,GOGEBIC, Michigan,14380
1260,GRAND TRAVERSE, Michigan,95238
1261,GRATIOT, Michigan,41761
1262,HILLSDALE, Michigan,45746
1263,HOUGHTON, Michigan,37361
1264,HURON, Michigan,31407
1265,INGHAM, Michigan,284900
1266,IONIA, Michigan,66804
1267,IOSCO, Michigan,25237
1268,IRON, Michigan,11631
1269,ISABELLA, Michigan,64394
1270,JACKSON, Michigan,160366
1271,KALAMAZOO, Michigan,261670
1272,KALKASKA, Michigan,17939
1273,KENT, Michigan,657974
1274,KEWEENAW, Michigan,2046
1275,LAKE, Michigan,12096
1276,LAPEER, Michigan,88619
1277,LEELANAU, Michigan,22301
1278,LENAWEE, Michigan,99423
1279,LIVINGSTON, Michigan,193866
1280,LUCE, Michigan,5339
1281,MACKINAC, Michigan,10834
1282,MACOMB, Michigan,881217
1283,MANISTEE, Michigan,25032
1284,MARQUETTE, Michigan,66017
1285,MASON, Michigan,29052
1286,MECOSTA, Michigan,39714
1287,MENOMINEE, Michigan,23502
1288,MIDLAND, Michigan,83494
1289,MISSAUKEE, Michigan,15052
1290,MONROE, Michigan,154809
1291,MONTCALM, Michigan,66614
1292,MONTMORENCY, Michigan,9153
1293,MUSKEGON, Michigan,175824
1294,NEWAYGO, Michigan,49978
1295,OAKLAND, Michigan,1274395
1296,OCEANA, Michigan,26659
1297,OGEMAW, Michigan,20770
1298,ONTONAGON, Michigan,5816
1299,OSCEOLA, Michigan,22891
1300,OSCODA, Michigan,8219
1301,OTSEGO, Michigan,25091
1302,OTTAWA, Michigan,296200
1303,PRESQUE ISLE, Michigan,12982
1304,ROSCOMMON, Michigan,23459
1305,SAGINAW, Michigan,190124
1306,ST. CLAIR, Michigan,160383
1307,ST. JOSEPH, Michigan,60939
1308,SANILAC, Michigan,40611
1309,SCHOOLCRAFT, Michigan,8047
1310,SHIAWASSEE, Michigan,68094
1311,TUSCOLA, Michigan,53323
1312,VAN BUREN, Michigan,75587
1313,WASHTENAW, Michigan,372258
1314,WAYNE, Michigan,1793561
1315,WEXFORD, Michigan,33673
1316,AITKIN, Minnesota,15697
1317,ANOKA, Minnesota,363887
1318,BECKER, Minnesota,35183
1319,BELTRAMI, Minnesota,46228
1320,BENTON, Minnesota,41379
1321,BIG STONE, Minnesota,5166
1322,BLUE EARTH, Minnesota,69112
1323,BROWN, Minnesota,25912
1324,CARLTON, Minnesota,36207
1325,CARVER, Minnesota,106922
1326,CASS, Minnesota,30066
1327,CHIPPEWA, Minnesota,12598
1328,CHISAGO, Minnesota,56621
1329,CLAY, Minnesota,65318
1330,CLEARWATER, Minnesota,8524
1331,COOK, Minnesota,5600
1332,COTTONWOOD, Minnesota,11517
1333,CROW WING, Minnesota,66123
1334,DAKOTA, Minnesota,439882
1335,DODGE, Minnesota,20867
1336,DOUGLAS, Minnesota,39006
1337,FARIBAULT, Minnesota,13921
1338,FILLMORE, Minnesota,21228
1339,FREEBORN, Minnesota,30895
1340,GOODHUE, Minnesota,47582
1341,GRANT, Minnesota,6074
1342,HENNEPIN, Minnesota,1281565
1343,HOUSTON, Minnesota,18843
1344,HUBBARD, Minnesota,21344
1345,ISANTI, Minnesota,41135
1346,ITASCA, Minnesota,45014
1347,JACKSON, Minnesota,9989
1348,KANABEC, Minnesota,16032
1349,KANDIYOHI, Minnesota,43732
1350,KITTSON, Minnesota,4207
1351,KOOCHICHING, Minnesota,12062
1352,LAC QUI PARLE, Minnesota,6719
1353,LAKE, Minnesota,10905
1354,LAKE OF THE WOODS, Minnesota,3763
1355,LE SUEUR, Minnesota,28674
1356,LINCOLN, Minnesota,5640
1357,LYON, Minnesota,25269
1358,MCLEOD, Minnesota,36771
1359,MAHNOMEN, Minnesota,5411
1360,MARSHALL, Minnesota,9040
1361,MARTIN, Minnesota,20025
1362,MEEKER, Minnesota,23400
1363,MILLE LACS, Minnesota,26459
1364,MORRISON, Minnesota,34010
1365,MOWER, Minnesota,40029
1366,MURRAY, Minnesota,8179
1367,NICOLLET, Minnesota,34454
1368,NOBLES, Minnesota,22290
1369,NORMAN, Minnesota,6441
1370,OLMSTED, Minnesota,162847
1371,OTTER TAIL, Minnesota,60081
1372,PENNINGTON, Minnesota,13992
1373,PINE, Minnesota,28876
1374,PIPESTONE, Minnesota,9424
1375,POLK, Minnesota,31192
1376,POPE, Minnesota,11308
1377,RAMSEY, Minnesota,552352
1378,RED LAKE, Minnesota,3935
1379,REDWOOD, Minnesota,15425
1380,RENVILLE, Minnesota,14723
1381,RICE, Minnesota,67097
1382,ROCK, Minnesota,9704
1383,ROSEAU, Minnesota,15331
1384,ST. LOUIS, Minnesota,200231
1385,SCOTT, Minnesota,150928
1386,SHERBURNE, Minnesota,97183
1387,SIBLEY, Minnesota,14836
1388,STEARNS, Minnesota,158292
1389,STEELE, Minnesota,37406
1390,STEVENS, Minnesota,9671
1391,SWIFT, Minnesota,9838
1392,TODD, Minnesota,25262
1393,TRAVERSE, Minnesota,3360
1394,WABASHA, Minnesota,21387
1395,WADENA, Minnesota,14065
1396,WASECA, Minnesota,18968
1397,WASHINGTON, Minnesota,267568
1398,WATONWAN, Minnesota,11253
1399,WILKIN, Minnesota,6506
1400,WINONA, Minnesota,49671
1401,WRIGHT, Minnesota,141337
1402,YELLOW MEDICINE, Minnesota,9528
1403,ADAMS, Mississippi,29538
1404,ALCORN, Mississippi,34740
1405,AMITE, Mississippi,12720
1406,ATTALA, Mississippi,17889
1407,BENTON, Mississippi,7646
1408,BOLIVAR, Mississippi,30985
1409,CALHOUN, Mississippi,13266
1410,CARROLL, Mississippi,9998
1411,CHICKASAW, Mississippi,17106
1412,CHOCTAW, Mississippi,8246
1413,CLAIBORNE, Mississippi,9135
1414,CLARKE, Mississippi,15615
1415,CLAY, Mississippi,18636
1416,COAHOMA, Mississippi,21390
1417,COPIAH, Mississippi,28368
1418,COVINGTON, Mississippi,18340
1419,DESOTO, Mississippi,185314
1420,FORREST, Mississippi,78158
1421,FRANKLIN, Mississippi,7675
1422,GEORGE, Mississippi,24350
1423,GREENE, Mississippi,13530
1424,GRENADA, Mississippi,21629
1425,HANCOCK, Mississippi,46053
1426,HARRISON, Mississippi,208621
1427,HINDS, Mississippi,227742
1428,HOLMES, Mississippi,17000
1429,HUMPHREYS, Mississippi,7785
1430,ISSAQUENA, Mississippi,1338
1431,ITAWAMBA, Mississippi,23863
1432,JACKSON, Mississippi,143252
1433,JASPER, Mississippi,16367
1434,JEFFERSON, Mississippi,7260
1435,JEFFERSON DAVIS, Mississippi,11321
1436,JONES, Mississippi,67246
1437,KEMPER, Mississippi,8988
1438,LAFAYETTE, Mississippi,55813
1439,LAMAR, Mississippi,64222
1440,LAUDERDALE, Mississippi,72984
1441,LAWRENCE, Mississippi,12016
1442,LEAKE, Mississippi,21275
1443,LEE, Mississippi,83343
1444,LEFLORE, Mississippi,28339
1445,LINCOLN, Mississippi,34907
1446,LOWNDES, Mississippi,58879
1447,MADISON, Mississippi,109145
1448,MARION, Mississippi,24441
1449,MARSHALL, Mississippi,33752
1450,MONROE, Mississippi,34180
1451,MONTGOMERY, Mississippi,9822
1452,NESHOBA, Mississippi,29087
1453,NEWTON, Mississippi,21291
1454,NOXUBEE, Mississippi,10285
1455,OKTIBBEHA, Mississippi,51788
1456,PANOLA, Mississippi,33208
1457,PEARL RIVER, Mississippi,56145
1458,PERRY, Mississippi,11511
1459,PIKE, Mississippi,40324
1460,PONTOTOC, Mississippi,31184
1461,PRENTISS, Mississippi,25008
1462,QUITMAN, Mississippi,6176
1463,RANKIN, Mississippi,157031
1464,SCOTT, Mississippi,27990
1465,SHARKEY, Mississippi,3800
1466,SIMPSON, Mississippi,25949
1467,SMITH, Mississippi,14209
1468,STONE, Mississippi,18333
1469,SUNFLOWER, Mississippi,25971
1470,TALLAHATCHIE, Mississippi,12715
1471,TATE, Mississippi,28064
1472,TIPPAH, Mississippi,21815
1473,TISHOMINGO, Mississippi,18850
1474,TUNICA, Mississippi,9782
1475,UNION, Mississippi,27777
1476,WALTHALL, Mississippi,13884
1477,WARREN, Mississippi,44722
1478,WASHINGTON, Mississippi,44922
1479,WAYNE, Mississippi,19779
1480,WEBSTER, Mississippi,9926
1481,WILKINSON, Mississippi,8587
1482,WINSTON, Mississippi,17714
1483,YALOBUSHA, Mississippi,12481
1484,YAZOO, Mississippi,26743
1485,ADAIR, Missouri,25314
1486,ANDREW, Missouri,18135
1487,ATCHISON, Missouri,5305
1488,AUDRAIN, Missouri,24962
1489,BARRY, Missouri,34534
1490,BARTON, Missouri,11637
1491,BATES, Missouri,16042
1492,BENTON, Missouri,19394
1493,BOLLINGER, Missouri,10567
1494,BOONE, Missouri,183610
1495,BUCHANAN, Missouri,84793
1496,BUTLER, Missouri,42130
1497,CALDWELL, Missouri,8815
1498,CALLAWAY, Missouri,44283
1499,CAMDEN, Missouri,42745
1500,CAPE GIRARDEAU, Missouri,81710
1501,CARROLL, Missouri,8495
1502,CARTER, Missouri,5202
1503,CASS, Missouri,107824
1504,CEDAR, Missouri,14188
1505,CHARITON, Missouri,7408
1506,CHRISTIAN, Missouri,88842
1507,CLARK, Missouri,6634
1508,CLAY, Missouri,253335
1509,CLINTON, Missouri,21184
1510,COLE, Missouri,77279
1511,COOPER, Missouri,17103
1512,CRAWFORD, Missouri,23056
1513,DADE, Missouri,7569
1514,DALLAS, Missouri,17071
1515,DAVIESS, Missouri,8430
1516,DEKALB, Missouri,11029
1517,DENT, Missouri,14421
1518,DOUGLAS, Missouri,11578
1519,DUNKLIN, Missouri,28283
1520,FRANKLIN, Missouri,104682
1521,GASCONADE, Missouri,14794
1522,GENTRY, Missouri,6162
1523,GREENE, Missouri,298915
1524,GRUNDY, Missouri,9808
1525,HARRISON, Missouri,8157
1526,HENRY, Missouri,21946
1527,HICKORY, Missouri,8279
1528,HOLT, Missouri,4223
1529,HOWARD, Missouri,10151
1530,HOWELL, Missouri,39750
1531,IRON, Missouri,9537
1532,JACKSON, Missouri,717204
1533,JASPER, Missouri,122761
1534,JEFFERSON, Missouri,226739
1535,JOHNSON, Missouri,54013
1536,KNOX, Missouri,3744
1537,LACLEDE, Missouri,36039
1538,LAFAYETTE, Missouri,32984
1539,LAWRENCE, Missouri,38001
1540,LEWIS, Missouri,10032
1541,LINCOLN, Missouri,59574
1542,LINN, Missouri,11874
1543,LIVINGSTON, Missouri,14557
1544,MCDONALD, Missouri,23303
1545,MACON, Missouri,15209
1546,MADISON, Missouri,12626
1547,MARIES, Missouri,8432
1548,MARION, Missouri,28525
1549,MERCER, Missouri,3538
1550,MILLER, Missouri,24722
1551,MISSISSIPPI, Missouri,12577
1552,MONITEAU, Missouri,15473
1553,MONROE, Missouri,8666
1554,MONTGOMERY, Missouri,11322
1555,MORGAN, Missouri,21006
1556,NEW MADRID, Missouri,16434
1557,NEWTON, Missouri,58648
1558,NODAWAY, Missouri,21241
1559,OREGON, Missouri,8635
1560,OSAGE, Missouri,13274
1561,OZARK, Missouri,8553
1562,PEMISCOT, Missouri,15661
1563,PERRY, Missouri,18956
1564,PETTIS, Missouri,42980
1565,PHELPS, Missouri,44638
1566,PIKE, Missouri,17587
1567,PLATTE, Missouri,106718
1568,POLK, Missouri,31519
1569,PULASKI, Missouri,53955
1570,PUTNAM, Missouri,4681
1571,RALLS, Missouri,10355
1572,RANDOLPH, Missouri,24716
1573,RAY, Missouri,23158
1574,REYNOLDS, Missouri,6096
1575,RIPLEY, Missouri,10679
1576,ST. CHARLES, Missouri,405262
1577,ST. CLAIR, Missouri,9284
1578,STE. GENEVIEVE, Missouri,18479
1579,ST. FRANCOIS, Missouri,66922
1580,ST. LOUIS, Missouri,1004125
1581,SALINE, Missouri,23333
1582,SCHUYLER, Missouri,4032
1583,SCOTLAND, Missouri,4716
1584,SCOTT, Missouri,38059
1585,SHANNON, Missouri,7031
1586,SHELBY, Missouri,6103
1587,STODDARD, Missouri,28672
1588,STONE, Missouri,31076
1589,SULLIVAN, Missouri,5999
1590,TANEY, Missouri,56066
1591,TEXAS, Missouri,24487
1592,VERNON, Missouri,19707
1593,WARREN, Missouri,35532
1594,WASHINGTON, Missouri,23514
1595,WAYNE, Missouri,10974
1596,WEBSTER, Missouri,39085
1597,WORTH, Missouri,1973
1598,WRIGHT, Missouri,18188
1599,ST. LOUIS CITY, Missouri,301578
1600,BEAVERHEAD, Montana,9371
1601,BIG HORN, Montana,13124
1602,BLAINE, Montana,7044
1603,BROADWATER, Montana,6774
1604,CARBON, Montana,10473
1605,CARTER, Montana,1415
1606,CASCADE, Montana,84414
1607,CHOUTEAU, Montana,5895
1608,CUSTER, Montana,11867
1609,DANIELS, Montana,1661
1610,DAWSON, Montana,8940
1611,DEER LODGE, Montana,9421
1612,FALLON, Montana,3049
1613,FERGUS, Montana,11446
1614,FLATHEAD, Montana,104357
1615,GALLATIN, Montana,118960
1616,GARFIELD, Montana,1173
1617,GLACIER, Montana,13778
1618,GOLDEN VALLEY, Montana,823
1619,GRANITE, Montana,3309
1620,HILL, Montana,16309
1621,JEFFERSON, Montana,12085
1622,JUDITH BASIN, Montana,2023
1623,LAKE, Montana,31134
1624,LEWIS AND CLARK, Montana,70973
1625,LIBERTY, Montana,1959
1626,LINCOLN, Montana,19677
1627,MCCONE, Montana,1729
1628,MADISON, Montana,8623
1629,MEAGHER, Montana,1927
1630,MINERAL, Montana,4535
1631,MISSOULA, Montana,117922
1632,MUSSELSHELL, Montana,4730
1633,PARK, Montana,17191
1634,PETROLEUM, Montana,496
1635,PHILLIPS, Montana,4217
1636,PONDERA, Montana,5898
1637,POWDER RIVER, Montana,1694
1638,POWELL, Montana,6946
1639,PRAIRIE, Montana,1088
1640,RAVALLI, Montana,44174
1641,RICHLAND, Montana,11491
1642,ROOSEVELT, Montana,10794
1643,ROSEBUD, Montana,8329
1644,SANDERS, Montana,12400
1645,SHERIDAN, Montana,3539
1646,SILVER BOW, Montana,35133
1647,STILLWATER, Montana,8963
1648,SWEET GRASS, Montana,3678
1649,TETON, Montana,6226
1650,TOOLE, Montana,4971
1651,TREASURE, Montana,762
1652,VALLEY, Montana,7578
1653,WHEATLAND, Montana,2069
1654,WIBAUX, Montana,937
1655,YELLOWSTONE, Montana,164731
1656,ADAMS, Nebraska,31205
1657,ANTELOPE, Nebraska,6295
1658,ARTHUR, Nebraska,434
1659,BANNER, Nebraska,674
1660,BLAINE, Nebraska,431
1661,BOONE, Nebraska,5379
1662,BOX BUTTE, Nebraska,10842
1663,BOYD, Nebraska,1810
1664,BROWN, Nebraska,2903
1665,BUFFALO, Nebraska,50084
1666,BURT, Nebraska,6722
1667,BUTLER, Nebraska,8369
1668,CASS, Nebraska,26598
1669,CEDAR, Nebraska,8380
1670,CHASE, Nebraska,3893
1671,CHERRY, Nebraska,5455
1672,CHEYENNE, Nebraska,9468
1673,CLAY, Nebraska,6104
1674,COLFAX, Nebraska,10582
1675,CUMING, Nebraska,9013
1676,CUSTER, Nebraska,10545
1677,DAKOTA, Nebraska,21582
1678,DAWES, Nebraska,8199
1679,DAWSON, Nebraska,24111
1680,DEUEL, Nebraska,1838
1681,DIXON, Nebraska,5606
1682,DODGE, Nebraska,37167
1683,DOUGLAS, Nebraska,584526
1684,DUNDY, Nebraska,1654
1685,FILLMORE, Nebraska,5551
1686,FRANKLIN, Nebraska,2889
1687,FRONTIER, Nebraska,2519
1688,FURNAS, Nebraska,4636
1689,GAGE, Nebraska,21704
1690,GARDEN, Nebraska,1874
1691,GARFIELD, Nebraska,1813
1692,GOSPER, Nebraska,1893
1693,GRANT, Nebraska,611
1694,GREELEY, Nebraska,2188
1695,HALL, Nebraska,62895
1696,HAMILTON, Nebraska,9429
1697,HARLAN, Nebraska,3073
1698,HAYES, Nebraska,856
1699,HITCHCOCK, Nebraska,2616
1700,HOLT, Nebraska,10127
1701,HOOKER, Nebraska,711
1702,HOWARD, Nebraska,6475
1703,JEFFERSON, Nebraska,7240
1704,JOHNSON, Nebraska,5290
1705,KEARNEY, Nebraska,6688
1706,KEITH, Nebraska,8335
1707,KEYA PAHA, Nebraska,769
1708,KIMBALL, Nebraska,3434
1709,KNOX, Nebraska,8391
1710,LANCASTER, Nebraska,322608
1711,LINCOLN, Nebraska,34676
1712,LOGAN, Nebraska,716
1713,LOUP, Nebraska,607
1714,MCPHERSON, Nebraska,399
1715,MADISON, Nebraska,35585
1716,MERRICK, Nebraska,7668
1717,MORRILL, Nebraska,4555
1718,NANCE, Nebraska,3380
1719,NEMAHA, Nebraska,7074
1720,NUCKOLLS, Nebraska,4095
1721,OTOE, Nebraska,15912
1722,PAWNEE, Nebraska,2544
1723,PERKINS, Nebraska,2858
1724,PHELPS, Nebraska,8968
1725,PIERCE, Nebraska,7317
1726,PLATTE, Nebraska,34296
1727,POLK, Nebraska,5214
1728,RED WILLOW, Nebraska,10702
1729,RICHARDSON, Nebraska,7871
1730,ROCK, Nebraska,1262
1731,SALINE, Nebraska,14292
1732,SARPY, Nebraska,190604
1733,SAUNDERS, Nebraska,22278
1734,SCOTTS BLUFF, Nebraska,36084
1735,SEWARD, Nebraska,17609
1736,SHERIDAN, Nebraska,5127
1737,SHERMAN, Nebraska,2959
1738,SIOUX, Nebraska,1135
1739,STANTON, Nebraska,5842
1740,THAYER, Nebraska,5034
1741,THOMAS, Nebraska,669
1742,THURSTON, Nebraska,6773
1743,VALLEY, Nebraska,4059
1744,WASHINGTON, Nebraska,20865
1745,WAYNE, Nebraska,9697
1746,WEBSTER, Nebraska,3395
1747,WHEELER, Nebraska,774
1748,YORK, Nebraska,14125
1749,CHURCHILL, Nevada,25516
1750,CLARK, Nevada,2265461
1751,DOUGLAS, Nevada,49488
1752,ELKO, Nevada,53702
1753,ESMERALDA, Nevada,729
1754,EUREKA, Nevada,1855
1755,HUMBOLDT, Nevada,17285
1756,LANDER, Nevada,5734
1757,LINCOLN, Nevada,4499
1758,LYON, Nevada,59235
1759,MINERAL, Nevada,4554
1760,NYE, Nevada,51591
1761,PERSHING, Nevada,6650
1762,STOREY, Nevada,4104
1763,WASHOE, Nevada,486492
1764,WHITE PINE, Nevada,9080
1765,CARSON CITY, Nevada,58639
1766,BELKNAP, New Hampshire,63705
1767,CARROLL, New Hampshire,50107
1768,CHESHIRE, New Hampshire,76458
1769,COOS, New Hampshire,31268
1770,GRAFTON, New Hampshire,91118
1771,HILLSBOROUGH, New Hampshire,422937
1772,MERRIMACK, New Hampshire,153808
1773,ROCKINGHAM, New Hampshire,314176
1774,STRAFFORD, New Hampshire,130889
1775,SULLIVAN, New Hampshire,43063
1776,ATLANTIC, New Jersey,274534
1777,BERGEN, New Jersey,955732
1778,BURLINGTON, New Jersey,461860
1779,CAMDEN, New Jersey,523485
1780,CAPE MAY, New Jersey,95263
1781,CUMBERLAND, New Jersey,154152
1782,ESSEX, New Jersey,863728
1783,GLOUCESTER, New Jersey,302294
1784,HUDSON, New Jersey,724854
1785,HUNTERDON, New Jersey,128947
1786,MERCER, New Jersey,387340
1787,MIDDLESEX, New Jersey,863162
1788,MONMOUTH, New Jersey,643615
1789,MORRIS, New Jersey,509285
1790,OCEAN, New Jersey,637229
1791,PASSAIC, New Jersey,524118
1792,SALEM, New Jersey,64837
1793,SOMERSET, New Jersey,345361
1794,SUSSEX, New Jersey,144221
1795,UNION, New Jersey,575345
1796,WARREN, New Jersey,109632
1797,BERNALILLO, New Mexico,676444
1798,CATRON, New Mexico,3579
1799,CHAVES, New Mexico,65157
1800,CIBOLA, New Mexico,27172
1801,COLFAX, New Mexico,12387
1802,CURRY, New Mexico,48430
1803,DE BACA, New Mexico,1698
1804,DOA ANA, New Mexico,219561
1805,EDDY, New Mexico,62314
1806,GRANT, New Mexico,28185
1807,GUADALUPE, New Mexico,4452
1808,HARDING, New Mexico,657
1809,HIDALGO, New Mexico,4178
1810,LEA, New Mexico,74455
1811,LINCOLN, New Mexico,20269
1812,LOS ALAMOS, New Mexico,19419
1813,LUNA, New Mexico,25427
1814,MCKINLEY, New Mexico,72902
1815,MORA, New Mexico,4189
1816,OTERO, New Mexico,67839
1817,QUAY, New Mexico,8746
1818,RIO ARRIBA, New Mexico,40363
1819,ROOSEVELT, New Mexico,19191
1820,SANDOVAL, New Mexico,148834
1821,SAN JUAN, New Mexico,121661
1822,SAN MIGUEL, New Mexico,27201
1823,SANTA FE, New Mexico,154823
1824,SIERRA, New Mexico,11576
1825,SOCORRO, New Mexico,16595
1826,TAOS, New Mexico,34489
1827,TORRANCE, New Mexico,15045
1828,UNION, New Mexico,4079
1829,VALENCIA, New Mexico,76205
1830,ALBANY, New York,314848
1831,ALLEGANY, New York,46456
1832,BRONX, New York,1472654
1833,BROOME, New York,198683
1834,CATTARAUGUS, New York,77042
1835,CAYUGA, New York,76248
1836,CHAUTAUQUA, New York,127657
1837,CHEMUNG, New York,84148
1838,CHENANGO, New York,47220
1839,CLINTON, New York,79843
1840,COLUMBIA, New York,61570
1841,CORTLAND, New York,46809
1842,DELAWARE, New York,44308
1843,DUTCHESS, New York,295911
1844,ERIE, New York,954236
1845,ESSEX, New York,37381
1846,FRANKLIN, New York,47555
1847,FULTON, New York,53324
1848,GENESEE, New York,58388
1849,GREENE, New York,47931
1850,HAMILTON, New York,5107
1851,HERKIMER, New York,60139
1852,JEFFERSON, New York,116721
1853,KINGS, New York,2736074
1854,LEWIS, New York,26582
1855,LIVINGSTON, New York,61834
1856,MADISON, New York,68016
1857,MONROE, New York,759443
1858,MONTGOMERY, New York,49532
1859,NASSAU, New York,1395774
1860,NEW YORK, New York,1694251
1861,NIAGARA, New York,212666
1862,ONEIDA, New York,232125
1863,ONONDAGA, New York,476516
1864,ONTARIO, New York,112458
1865,ORANGE, New York,401310
1866,ORLEANS, New York,40343
1867,OSWEGO, New York,117525
1868,OTSEGO, New York,58524
1869,PUTNAM, New York,97668
1870,QUEENS, New York,2405464
1871,RENSSELAER, New York,161130
1872,RICHMOND, New York,495747
1873,ROCKLAND, New York,338329
1874,ST. LAWRENCE, New York,108505
1875,SARATOGA, New York,235509
1876,SCHENECTADY, New York,158061
1877,SCHOHARIE, New York,29714
1878,SCHUYLER, New York,17898
1879,SENECA, New York,33814
1880,STEUBEN, New York,93584
1881,SUFFOLK, New York,1525920
1882,SULLIVAN, New York,78624
1883,TIOGA, New York,48455
1884,TOMPKINS, New York,105740
1885,ULSTER, New York,181851
1886,WARREN, New York,65737
1887,WASHINGTON, New York,61302
1888,WAYNE, New York,91283
1889,WESTCHESTER, New York,1004457
1890,WYOMING, New York,40531
1891,YATES, New York,24774
1892,ALAMANCE, North Carolina,171415
1893,ALEXANDER, North Carolina,36444
1894,ALLEGHANY, North Carolina,10888
1895,ANSON, North Carolina,22055
1896,ASHE, North Carolina,26577
1897,AVERY, North Carolina,17806
1898,BEAUFORT, North Carolina,44652
1899,BERTIE, North Carolina,17934
1900,BLADEN, North Carolina,29606
1901,BRUNSWICK, North Carolina,136693
1902,BUNCOMBE, North Carolina,269452
1903,BURKE, North Carolina,87570
1904,CABARRUS, North Carolina,225804
1905,CALDWELL, North Carolina,80652
1906,CAMDEN, North Carolina,10355
1907,CARTERET, North Carolina,67686
1908,CASWELL, North Carolina,22736
1909,CATAWBA, North Carolina,160610
1910,CHATHAM, North Carolina,76285
1911,CHEROKEE, North Carolina,28774
1912,CHOWAN, North Carolina,13708
1913,CLAY, North Carolina,11089
1914,CLEVELAND, North Carolina,99519
1915,COLUMBUS, North Carolina,50623
1916,CRAVEN, North Carolina,100720
1917,CUMBERLAND, North Carolina,334728
1918,CURRITUCK, North Carolina,28100
1919,DARE, North Carolina,36915
1920,DAVIDSON, North Carolina,168930
1921,DAVIE, North Carolina,42712
1922,DUPLIN, North Carolina,48715
1923,DURHAM, North Carolina,324833
1924,EDGECOMBE, North Carolina,48900
1925,FORSYTH, North Carolina,382590
1926,FRANKLIN, North Carolina,68573
1927,GASTON, North Carolina,227943
1928,GATES, North Carolina,10478
1929,GRAHAM, North Carolina,8030
1930,GRANVILLE, North Carolina,60992
1931,GREENE, North Carolina,20451
1932,GUILFORD, North Carolina,541299
1933,HALIFAX, North Carolina,48622
1934,HARNETT, North Carolina,133568
1935,HAYWOOD, North Carolina,62089
1936,HENDERSON, North Carolina,116281
1937,HERTFORD, North Carolina,21552
1938,HOKE, North Carolina,52082
1939,HYDE, North Carolina,4589
1940,IREDELL, North Carolina,186693
1941,JACKSON, North Carolina,43109
1942,JOHNSTON, North Carolina,215999
1943,JONES, North Carolina,9172
1944,LEE, North Carolina,63285
1945,LENOIR, North Carolina,55122
1946,LINCOLN, North Carolina,86810
1947,MCDOWELL, North Carolina,44578
1948,MACON, North Carolina,37014
1949,MADISON, North Carolina,21193
1950,MARTIN, North Carolina,22031
1951,MECKLENBURG, North Carolina,1115482
1952,MITCHELL, North Carolina,14903
1953,MONTGOMERY, North Carolina,25751
1954,MOORE, North Carolina,99727
1955,NASH, North Carolina,94970
1956,NEW HANOVER, North Carolina,225702
1957,NORTHAMPTON, North Carolina,17471
1958,ONSLOW, North Carolina,204576
1959,ORANGE, North Carolina,148696
1960,PAMLICO, North Carolina,12276
1961,PASQUOTANK, North Carolina,40568
1962,PENDER, North Carolina,60203
1963,PERQUIMANS, North Carolina,13005
1964,PERSON, North Carolina,39097
1965,PITT, North Carolina,170243
1966,POLK, North Carolina,19328
1967,RANDOLPH, North Carolina,144171
1968,RICHMOND, North Carolina,42946
1969,ROBESON, North Carolina,116530
1970,ROCKINGHAM, North Carolina,91096
1971,ROWAN, North Carolina,146875
1972,RUTHERFORD, North Carolina,64444
1973,SAMPSON, North Carolina,59036
1974,SCOTLAND, North Carolina,34174
1975,STANLY, North Carolina,62504
1976,STOKES, North Carolina,44520
1977,SURRY, North Carolina,71359
1978,SWAIN, North Carolina,14117
1979,TRANSYLVANIA, North Carolina,32986
1980,TYRRELL, North Carolina,3245
1981,UNION, North Carolina,238267
1982,VANCE, North Carolina,42578
1983,WAKE, North Carolina,1129410
1984,WARREN, North Carolina,18642
1985,WASHINGTON, North Carolina,11003
1986,WATAUGA, North Carolina,54086
1987,WAYNE, North Carolina,117333
1988,WILKES, North Carolina,65969
1989,WILSON, North Carolina,78784
1990,YADKIN, North Carolina,37214
1991,YANCEY, North Carolina,18470
1992,ADAMS, North Dakota,2200
1993,BARNES, North Dakota,10853
1994,BENSON, North Dakota,5964
1995,BILLINGS, North Dakota,945
1996,BOTTINEAU, North Dakota,6379
1997,BOWMAN, North Dakota,2993
1998,BURKE, North Dakota,2201
1999,BURLEIGH, North Dakota,98458
2000,CASS, North Dakota,184525
2001,CAVALIER, North Dakota,3704
2002,DICKEY, North Dakota,4999
2003,DIVIDE, North Dakota,2195
2004,DUNN, North Dakota,4095
2005,EDDY, North Dakota,2347
2006,EMMONS, North Dakota,3301
2007,FOSTER, North Dakota,3397
2008,GOLDEN VALLEY, North Dakota,1736
2009,GRAND FORKS, North Dakota,73170
2010,GRANT, North Dakota,2301
2011,GRIGGS, North Dakota,2306
2012,HETTINGER, North Dakota,2489
2013,KIDDER, North Dakota,2394
2014,LAMOURE, North Dakota,4093
2015,LOGAN, North Dakota,1876
2016,MCHENRY, North Dakota,5345
2017,MCINTOSH, North Dakota,2530
2018,MCKENZIE, North Dakota,14704
2019,MCLEAN, North Dakota,9771
2020,MERCER, North Dakota,8350
2021,MORTON, North Dakota,33291
2022,MOUNTRAIL, North Dakota,9809
2023,NELSON, North Dakota,3015
2024,OLIVER, North Dakota,1877
2025,PEMBINA, North Dakota,6844
2026,PIERCE, North Dakota,3990
2027,RAMSEY, North Dakota,11605
2028,RANSOM, North Dakota,5703
2029,RENVILLE, North Dakota,2282
2030,RICHLAND, North Dakota,16529
2031,ROLETTE, North Dakota,12187
2032,SARGENT, North Dakota,3862
2033,SHERIDAN, North Dakota,1265
2034,SIOUX, North Dakota,3898
2035,SLOPE, North Dakota,706
2036,STARK, North Dakota,33646
2037,STEELE, North Dakota,1798
2038,STUTSMAN, North Dakota,21593
2039,TOWNER, North Dakota,2162
2040,TRAILL, North Dakota,7997
2041,WALSH, North Dakota,10563
2042,WARD, North Dakota,69919
2043,WELLS, North Dakota,3982
2044,WILLIAMS, North Dakota,40950
2045,ADAMS, Ohio,27477
2046,ALLEN, Ohio,102206
2047,ASHLAND, Ohio,52447
2048,ASHTABULA, Ohio,97574
2049,ATHENS, Ohio,62431
2050,AUGLAIZE, Ohio,46422
2051,BELMONT, Ohio,66497
2052,BROWN, Ohio,43676
2053,BUTLER, Ohio,390357
2054,CARROLL, Ohio,26721
2055,CHAMPAIGN, Ohio,38714
2056,CLARK, Ohio,136001
2057,CLERMONT, Ohio,208601
2058,CLINTON, Ohio,42018
2059,COLUMBIANA, Ohio,101877
2060,COSHOCTON, Ohio,36612
2061,CRAWFORD, Ohio,42025
2062,CUYAHOGA, Ohio,1264817
2063,DARKE, Ohio,51881
2064,DEFIANCE, Ohio,38286
2065,DELAWARE, Ohio,214124
2066,ERIE, Ohio,75622
2067,FAIRFIELD, Ohio,158921
2068,FAYETTE, Ohio,28951
2069,FRANKLIN, Ohio,1323807
2070,FULTON, Ohio,42713
2071,GALLIA, Ohio,29220
2072,GEAUGA, Ohio,95397
2073,GREENE, Ohio,167966
2074,GUERNSEY, Ohio,38438
2075,HAMILTON, Ohio,830639
2076,HANCOCK, Ohio,74920
2077,HARDIN, Ohio,30696
2078,HARRISON, Ohio,14483
2079,HENRY, Ohio,27662
2080,HIGHLAND, Ohio,43317
2081,HOCKING, Ohio,28050
2082,HOLMES, Ohio,44223
2083,HURON, Ohio,58565
2084,JACKSON, Ohio,32653
2085,JEFFERSON, Ohio,65249
2086,KNOX, Ohio,62721
2087,LAKE, Ohio,232603
2088,LAWRENCE, Ohio,58240
2089,LICKING, Ohio,178519
2090,LOGAN, Ohio,46150
2091,LORAIN, Ohio,312964
2092,LUCAS, Ohio,431279
2093,MADISON, Ohio,43824
2094,MAHONING, Ohio,228614
2095,MARION, Ohio,65359
2096,MEDINA, Ohio,182470
2097,MEIGS, Ohio,22210
2098,MERCER, Ohio,42528
2099,MIAMI, Ohio,108774
2100,MONROE, Ohio,13385
2101,MONTGOMERY, Ohio,537309
2102,MORGAN, Ohio,13802
2103,MORROW, Ohio,34950
2104,MUSKINGUM, Ohio,86410
2105,NOBLE, Ohio,14115
2106,OTTAWA, Ohio,40364
2107,PAULDING, Ohio,18806
2108,PERRY, Ohio,35408
2109,PICKAWAY, Ohio,58539
2110,PIKE, Ohio,27088
2111,PORTAGE, Ohio,161791
2112,PREBLE, Ohio,40999
2113,PUTNAM, Ohio,34451
2114,RICHLAND, Ohio,124936
2115,ROSS, Ohio,77093
2116,SANDUSKY, Ohio,58896
2117,SCIOTO, Ohio,74008
2118,SENECA, Ohio,55069
2119,SHELBY, Ohio,48230
2120,STARK, Ohio,374853
2121,SUMMIT, Ohio,540428
2122,TRUMBULL, Ohio,201977
2123,TUSCARAWAS, Ohio,93263
2124,UNION, Ohio,62784
2125,VAN WERT, Ohio,28931
2126,VINTON, Ohio,12800
2127,WARREN, Ohio,242337
2128,WASHINGTON, Ohio,59771
2129,WAYNE, Ohio,116894
2130,WILLIAMS, Ohio,37102
2131,WOOD, Ohio,132248
2132,WYANDOT, Ohio,21900
2133,ADAIR, Oklahoma,19495
2134,ALFALFA, Oklahoma,5699
2135,ATOKA, Oklahoma,14143
2136,BEAVER, Oklahoma,5049
2137,BECKHAM, Oklahoma,22410
2138,BLAINE, Oklahoma,8735
2139,BRYAN, Oklahoma,46067
2140,CADDO, Oklahoma,26945
2141,CANADIAN, Oklahoma,154405
2142,CARTER, Oklahoma,48003
2143,CHEROKEE, Oklahoma,47078
2144,CHOCTAW, Oklahoma,14204
2145,CIMARRON, Oklahoma,2296
2146,CLEVELAND, Oklahoma,295528
2147,COAL, Oklahoma,5266
2148,COMANCHE, Oklahoma,121125
2149,COTTON, Oklahoma,5527
2150,CRAIG, Oklahoma,14107
2151,CREEK, Oklahoma,71754
2152,CUSTER, Oklahoma,28513
2153,DELAWARE, Oklahoma,40397
2154,DEWEY, Oklahoma,4484
2155,ELLIS, Oklahoma,3749
2156,GARFIELD, Oklahoma,62846
2157,GARVIN, Oklahoma,25656
2158,GRADY, Oklahoma,54795
2159,GRANT, Oklahoma,4169
2160,GREER, Oklahoma,5491
2161,HARMON, Oklahoma,2488
2162,HARPER, Oklahoma,3272
2163,HASKELL, Oklahoma,11561
2164,HUGHES, Oklahoma,13367
2165,JACKSON, Oklahoma,24785
2166,JEFFERSON, Oklahoma,5337
2167,JOHNSTON, Oklahoma,10272
2168,KAY, Oklahoma,43700
2169,KINGFISHER, Oklahoma,15184
2170,KIOWA, Oklahoma,8509
2171,LATIMER, Oklahoma,9444
2172,LE FLORE, Oklahoma,48129
2173,LINCOLN, Oklahoma,33458
2174,LOGAN, Oklahoma,49555
2175,LOVE, Oklahoma,10146
2176,MCCLAIN, Oklahoma,41662
2177,MCCURTAIN, Oklahoma,30814
2178,MCINTOSH, Oklahoma,18941
2179,MAJOR, Oklahoma,7782
2180,MARSHALL, Oklahoma,15312
2181,MAYES, Oklahoma,39046
2182,MURRAY, Oklahoma,13904
2183,MUSKOGEE, Oklahoma,66339
2184,NOBLE, Oklahoma,10924
2185,NOWATA, Oklahoma,9320
2186,OKFUSKEE, Oklahoma,11310
2187,OKLAHOMA, Oklahoma,796292
2188,OKMULGEE, Oklahoma,36706
2189,OSAGE, Oklahoma,45818
2190,OTTAWA, Oklahoma,30285
2191,PAWNEE, Oklahoma,15553
2192,PAYNE, Oklahoma,81646
2193,PITTSBURG, Oklahoma,43773
2194,PONTOTOC, Oklahoma,38065
2195,POTTAWATOMIE, Oklahoma,72454
2196,PUSHMATAHA, Oklahoma,10812
2197,ROGER MILLS, Oklahoma,3442
2198,ROGERS, Oklahoma,95240
2199,SEMINOLE, Oklahoma,23556
2200,SEQUOYAH, Oklahoma,39281
2201,STEPHENS, Oklahoma,42848
2202,TEXAS, Oklahoma,21384
2203,TILLMAN, Oklahoma,6968
2204,TULSA, Oklahoma,669279
2205,WAGONER, Oklahoma,80981
2206,WASHINGTON, Oklahoma,52455
2207,WASHITA, Oklahoma,10924
2208,WOODS, Oklahoma,8624
2209,WOODWARD, Oklahoma,20470
2210,BAKER, Oregon,16668
2211,BENTON, Oregon,95184
2212,CLACKAMAS, Oregon,421401
2213,CLATSOP, Oregon,41072
2214,COLUMBIA, Oregon,52589
2215,COOS, Oregon,64929
2216,CROOK, Oregon,24738
2217,CURRY, Oregon,23446
2218,DESCHUTES, Oregon,198253
2219,DOUGLAS, Oregon,111201
2220,GILLIAM, Oregon,1995
2221,GRANT, Oregon,7233
2222,HARNEY, Oregon,7495
2223,HOOD RIVER, Oregon,23977
2224,JACKSON, Oregon,223259
2225,JEFFERSON, Oregon,24502
2226,JOSEPHINE, Oregon,88090
2227,KLAMATH, Oregon,69413
2228,LAKE, Oregon,8160
2229,LANE, Oregon,382971
2230,LINCOLN, Oregon,50395
2231,LINN, Oregon,128610
2232,MALHEUR, Oregon,31571
2233,MARION, Oregon,345920
2234,MORROW, Oregon,12186
2235,MULTNOMAH, Oregon,815428
2236,POLK, Oregon,87433
2237,SHERMAN, Oregon,1870
2238,TILLAMOOK, Oregon,27390
2239,UMATILLA, Oregon,80075
2240,UNION, Oregon,26196
2241,WALLOWA, Oregon,7391
2242,WASCO, Oregon,26670
2243,WASHINGTON, Oregon,600372
2244,WHEELER, Oregon,1451
2245,YAMHILL, Oregon,107722
2246,ADAMS, Pennsylvania,103852
2247,ALLEGHENY, Pennsylvania,1250578
2248,ARMSTRONG, Pennsylvania,65558
2249,BEAVER, Pennsylvania,168215
2250,BEDFORD, Pennsylvania,47577
2251,BERKS, Pennsylvania,428849
2252,BLAIR, Pennsylvania,122822
2253,BRADFORD, Pennsylvania,59967
2254,BUCKS, Pennsylvania,646538
2255,BUTLER, Pennsylvania,193763
2256,CAMBRIA, Pennsylvania,133472
2257,CAMERON, Pennsylvania,4547
2258,CARBON, Pennsylvania,64749
2259,CENTRE, Pennsylvania,158172
2260,CHESTER, Pennsylvania,534413
2261,CLARION, Pennsylvania,37241
2262,CLEARFIELD, Pennsylvania,80562
2263,CLINTON, Pennsylvania,37450
2264,COLUMBIA, Pennsylvania,64727
2265,CRAWFORD, Pennsylvania,83938
2266,CUMBERLAND, Pennsylvania,259469
2267,DAUPHIN, Pennsylvania,286401
2268,DELAWARE, Pennsylvania,576830
2269,ELK, Pennsylvania,30990
2270,ERIE, Pennsylvania,270876
2271,FAYETTE, Pennsylvania,128804
2272,FOREST, Pennsylvania,6973
2273,FRANKLIN, Pennsylvania,155932
2274,FULTON, Pennsylvania,14556
2275,GREENE, Pennsylvania,35954
2276,HUNTINGDON, Pennsylvania,44092
2277,INDIANA, Pennsylvania,83246
2278,JEFFERSON, Pennsylvania,44492
2279,JUNIATA, Pennsylvania,23509
2280,LACKAWANNA, Pennsylvania,215896
2281,LANCASTER, Pennsylvania,552984
2282,LAWRENCE, Pennsylvania,86070
2283,LEBANON, Pennsylvania,143257
2284,LEHIGH, Pennsylvania,374557
2285,LUZERNE, Pennsylvania,325594
2286,LYCOMING, Pennsylvania,114188
2287,MCKEAN, Pennsylvania,40432
2288,MERCER, Pennsylvania,110652
2289,MIFFLIN, Pennsylvania,46143
2290,MONROE, Pennsylvania,168327
2291,MONTGOMERY, Pennsylvania,856553
2292,MONTOUR, Pennsylvania,18136
2293,NORTHAMPTON, Pennsylvania,312951
2294,NORTHUMBERLAND, Pennsylvania,91647
2295,PERRY, Pennsylvania,45842
2296,PHILADELPHIA, Pennsylvania,1603797
2297,PIKE, Pennsylvania,58535
2298,POTTER, Pennsylvania,16396
2299,SCHUYLKILL, Pennsylvania,143049
2300,SNYDER, Pennsylvania,39736
2301,SOMERSET, Pennsylvania,74129
2302,SULLIVAN, Pennsylvania,5840
2303,SUSQUEHANNA, Pennsylvania,38434
2304,TIOGA, Pennsylvania,41045
2305,UNION, Pennsylvania,42681
2306,VENANGO, Pennsylvania,50454
2307,WARREN, Pennsylvania,38587
2308,WASHINGTON, Pennsylvania,209349
2309,WAYNE, Pennsylvania,51155
2310,WESTMORELAND, Pennsylvania,354663
2311,WYOMING, Pennsylvania,26069
2312,YORK, Pennsylvania,456438
2313,BRISTOL, Rhode Island,50793
2314,KENT, Rhode Island,170363
2315,NEWPORT, Rhode Island,85643
2316,PROVIDENCE, Rhode Island,660741
2317,WASHINGTON, Rhode Island,129839
2318,ABBEVILLE, South Carolina,24295
2319,AIKEN, South Carolina,168808
2320,ALLENDALE, South Carolina,8039
2321,ANDERSON, South Carolina,203718
2322,BAMBERG, South Carolina,13311
2323,BARNWELL, South Carolina,20589
2324,BEAUFORT, South Carolina,187117
2325,BERKELEY, South Carolina,229861
2326,CALHOUN, South Carolina,14119
2327,CHARLESTON, South Carolina,408235
2328,CHEROKEE, South Carolina,56216
2329,CHESTER, South Carolina,32294
2330,CHESTERFIELD, South Carolina,43273
2331,CLARENDON, South Carolina,31144
2332,COLLETON, South Carolina,38604
2333,DARLINGTON, South Carolina,62905
2334,DILLON, South Carolina,28292
2335,DORCHESTER, South Carolina,161540
2336,EDGEFIELD, South Carolina,25657
2337,FAIRFIELD, South Carolina,20948
2338,FLORENCE, South Carolina,137059
2339,GEORGETOWN, South Carolina,63404
2340,GREENVILLE, South Carolina,525534
2341,GREENWOOD, South Carolina,69351
2342,HAMPTON, South Carolina,18561
2343,HORRY, South Carolina,351029
2344,JASPER, South Carolina,28791
2345,KERSHAW, South Carolina,65403
2346,LANCASTER, South Carolina,96016
2347,LAURENS, South Carolina,67539
2348,LEE, South Carolina,16531
2349,LEXINGTON, South Carolina,293991
2350,MCCORMICK, South Carolina,9526
2351,MARION, South Carolina,29183
2352,MARLBORO, South Carolina,26667
2353,NEWBERRY, South Carolina,37719
2354,OCONEE, South Carolina,78607
2355,ORANGEBURG, South Carolina,84223
2356,PICKENS, South Carolina,131404
2357,RICHLAND, South Carolina,416147
2358,SALUDA, South Carolina,18862
2359,SPARTANBURG, South Carolina,327997
2360,SUMTER, South Carolina,105556
2361,UNION, South Carolina,27244
2362,WILLIAMSBURG, South Carolina,31026
2363,YORK, South Carolina,282090
2364,AURORA, South Dakota,2747
2365,BEADLE, South Dakota,19149
2366,BENNETT, South Dakota,3381
2367,BON HOMME, South Dakota,7003
2368,BROOKINGS, South Dakota,34375
2369,BROWN, South Dakota,38301
2370,BRULE, South Dakota,5247
2371,BUFFALO, South Dakota,1948
2372,BUTTE, South Dakota,10243
2373,CAMPBELL, South Dakota,1377
2374,CHARLES MIX, South Dakota,9373
2375,CLARK, South Dakota,3837
2376,CLAY, South Dakota,14967
2377,CODINGTON, South Dakota,28325
2378,CORSON, South Dakota,3902
2379,CUSTER, South Dakota,8318
2380,DAVISON, South Dakota,19956
2381,DAY, South Dakota,5449
2382,DEUEL, South Dakota,4295
2383,DEWEY, South Dakota,5239
2384,DOUGLAS, South Dakota,2835
2385,EDMUNDS, South Dakota,3986
2386,FALL RIVER, South Dakota,6973
2387,FAULK, South Dakota,2125
2388,GRANT, South Dakota,7556
2389,GREGORY, South Dakota,3994
2390,HAAKON, South Dakota,1872
2391,HAMLIN, South Dakota,6164
2392,HAND, South Dakota,3145
2393,HANSON, South Dakota,3461
2394,HARDING, South Dakota,1311
2395,HUGHES, South Dakota,17765
2396,HUTCHINSON, South Dakota,7427
2397,HYDE, South Dakota,1262
2398,JACKSON, South Dakota,2806
2399,JERAULD, South Dakota,1663
2400,JONES, South Dakota,917
2401,KINGSBURY, South Dakota,5187
2402,LAKE, South Dakota,11059
2403,LAWRENCE, South Dakota,25768
2404,LINCOLN, South Dakota,65161
2405,LYMAN, South Dakota,3718
2406,MCCOOK, South Dakota,5682
2407,MCPHERSON, South Dakota,2411
2408,MARSHALL, South Dakota,4306
2409,MEADE, South Dakota,29852
2410,MELLETTE, South Dakota,1918
2411,MINER, South Dakota,2298
2412,MINNEHAHA, South Dakota,197214
2413,MOODY, South Dakota,6336
2414,OGLALA LAKOTA, South Dakota,13672
2415,PENNINGTON, South Dakota,109222
2416,PERKINS, South Dakota,2835
2417,POTTER, South Dakota,2472
2418,ROBERTS, South Dakota,10280
2419,SANBORN, South Dakota,2330
2420,SPINK, South Dakota,6361
2421,STANLEY, South Dakota,2980
2422,SULLY, South Dakota,1446
2423,TODD, South Dakota,9319
2424,TRIPP, South Dakota,5624
2425,TURNER, South Dakota,8673
2426,UNION, South Dakota,16811
2427,WALWORTH, South Dakota,5315
2428,YANKTON, South Dakota,23310
2429,ZIEBACH, South Dakota,2413
2430,ANDERSON, Tennessee,77123
2431,BEDFORD, Tennessee,50237
2432,BENTON, Tennessee,15864
2433,BLEDSOE, Tennessee,14913
2434,BLOUNT, Tennessee,135280
2435,BRADLEY, Tennessee,108620
2436,CAMPBELL, Tennessee,39272
2437,CANNON, Tennessee,14506
2438,CARROLL, Tennessee,28440
2439,CARTER, Tennessee,56356
2440,CHEATHAM, Tennessee,41072
2441,CHESTER, Tennessee,17341
2442,CLAIBORNE, Tennessee,32043
2443,CLAY, Tennessee,7581
2444,COCKE, Tennessee,35999
2445,COFFEE, Tennessee,57889
2446,CROCKETT, Tennessee,13911
2447,CUMBERLAND, Tennessee,61145
2448,DAVIDSON, Tennessee,715884
2449,DECATUR, Tennessee,11435
2450,DEKALB, Tennessee,20080
2451,DICKSON, Tennessee,54315
2452,DYER, Tennessee,36801
2453,FAYETTE, Tennessee,41990
2454,FENTRESS, Tennessee,18489
2455,FRANKLIN, Tennessee,42774
2456,GIBSON, Tennessee,50429
2457,GILES, Tennessee,30346
2458,GRAINGER, Tennessee,23527
2459,GREENE, Tennessee,70152
2460,GRUNDY, Tennessee,13529
2461,HAMBLEN, Tennessee,64499
2462,HAMILTON, Tennessee,366207
2463,HANCOCK, Tennessee,6662
2464,HARDEMAN, Tennessee,25462
2465,HARDIN, Tennessee,26831
2466,HAWKINS, Tennessee,56721
2467,HAYWOOD, Tennessee,17864
2468,HENDERSON, Tennessee,27842
2469,HENRY, Tennessee,32199
2470,HICKMAN, Tennessee,24925
2471,HOUSTON, Tennessee,8283
2472,HUMPHREYS, Tennessee,18990
2473,JACKSON, Tennessee,11617
2474,JEFFERSON, Tennessee,54683
2475,JOHNSON, Tennessee,17948
2476,KNOX, Tennessee,478971
2477,LAKE, Tennessee,7005
2478,LAUDERDALE, Tennessee,25143
2479,LAWRENCE, Tennessee,44159
2480,LEWIS, Tennessee,12582
2481,LINCOLN, Tennessee,35319
2482,LOUDON, Tennessee,54886
2483,MCMINN, Tennessee,53276
2484,MCNAIRY, Tennessee,25866
2485,MACON, Tennessee,25216
2486,MADISON, Tennessee,98823
2487,MARION, Tennessee,28837
2488,MARSHALL, Tennessee,34318
2489,MAURY, Tennessee,100974
2490,MEIGS, Tennessee,12758
2491,MONROE, Tennessee,46250
2492,MONTGOMERY, Tennessee,220069
2493,MOORE, Tennessee,6461
2494,MORGAN, Tennessee,21035
2495,OBION, Tennessee,30787
2496,OVERTON, Tennessee,22511
2497,PERRY, Tennessee,8366
2498,PICKETT, Tennessee,5001
2499,POLK, Tennessee,17544
2500,PUTNAM, Tennessee,79854
2501,RHEA, Tennessee,32870
2502,ROANE, Tennessee,53404
2503,ROBERTSON, Tennessee,72803
2504,RUTHERFORD, Tennessee,341486
2505,SCOTT, Tennessee,21850
2506,SEQUATCHIE, Tennessee,15826
2507,SEVIER, Tennessee,98380
2508,SHELBY, Tennessee,929744
2509,SMITH, Tennessee,19904
2510,STEWART, Tennessee,13657
2511,SULLIVAN, Tennessee,158163
2512,SUMNER, Tennessee,196281
2513,TIPTON, Tennessee,60970
2514,TROUSDALE, Tennessee,11615
2515,UNICOI, Tennessee,17928
2516,UNION, Tennessee,19802
2517,VAN BUREN, Tennessee,6168
2518,WARREN, Tennessee,40953
2519,WASHINGTON, Tennessee,133001
2520,WAYNE, Tennessee,16232
2521,WEAKLEY, Tennessee,32902
2522,WHITE, Tennessee,27351
2523,WILLIAMSON, Tennessee,247726
2524,WILSON, Tennessee,147737
2525,ANDERSON, Texas,57922
2526,ANDREWS, Texas,18610
2527,ANGELINA, Texas,86395
2528,ARANSAS, Texas,23830
2529,ARCHER, Texas,8560
2530,ARMSTRONG, Texas,1848
2531,ATASCOSA, Texas,48981
2532,AUSTIN, Texas,30167
2533,BAILEY, Texas,6904
2534,BANDERA, Texas,20851
2535,BASTROP, Texas,97216
2536,BAYLOR, Texas,3465
2537,BEE, Texas,31047
2538,BELL, Texas,370647
2539,BEXAR, Texas,2009324
2540,BLANCO, Texas,11374
2541,BORDEN, Texas,631
2542,BOSQUE, Texas,18235
2543,BOWIE, Texas,92893
2544,BRAZORIA, Texas,372031
2545,BRAZOS, Texas,233849
2546,BREWSTER, Texas,9546
2547,BRISCOE, Texas,1435
2548,BROOKS, Texas,7076
2549,BROWN, Texas,38095
2550,BURLESON, Texas,17642
2551,BURNET, Texas,49130
2552,CALDWELL, Texas,45883
2553,CALHOUN, Texas,20106
2554,CALLAHAN, Texas,13708
2555,CAMERON, Texas,421017
2556,CAMP, Texas,12464
2557,CARSON, Texas,5807
2558,CASS, Texas,28454
2559,CASTRO, Texas,7371
2560,CHAMBERS, Texas,46571
2561,CHEROKEE, Texas,50412
2562,CHILDRESS, Texas,6664
2563,CLAY, Texas,10218
2564,COCHRAN, Texas,2547
2565,COKE, Texas,3285
2566,COLEMAN, Texas,7684
2567,COLLIN, Texas,1064465
2568,COLLINGSWORTH, Texas,2652
2569,COLORADO, Texas,20557
2570,COMAL, Texas,161501
2571,COMANCHE, Texas,13594
2572,CONCHO, Texas,3303
2573,COOKE, Texas,41668
2574,CORYELL, Texas,83093
2575,COTTLE, Texas,1380
2576,CRANE, Texas,4675
2577,CROCKETT, Texas,3098
2578,CROSBY, Texas,5133
2579,CULBERSON, Texas,2188
2580,DALLAM, Texas,7115
2581,DALLAS, Texas,2613539
2582,DAWSON, Texas,12456
2583,DEAF SMITH, Texas,18583
2584,DELTA, Texas,5230
2585,DENTON, Texas,906422
2586,DEWITT, Texas,19824
2587,DICKENS, Texas,1770
2588,DIMMIT, Texas,8615
2589,DONLEY, Texas,3258
2590,DUVAL, Texas,9831
2591,EASTLAND, Texas,17725
2592,ECTOR, Texas,165171
2593,EDWARDS, Texas,1422
2594,ELLIS, Texas,192455
2595,EL PASO, Texas,865657
2596,ERATH, Texas,42545
2597,FALLS, Texas,16968
2598,FANNIN, Texas,35662
2599,FAYETTE, Texas,24435
2600,FISHER, Texas,3672
2601,FLOYD, Texas,5402
2602,FOARD, Texas,1095
2603,FORT BEND, Texas,822779
2604,FRANKLIN, Texas,10359
2605,FREESTONE, Texas,19435
2606,FRIO, Texas,18385
2607,GAINES, Texas,21598
2608,GALVESTON, Texas,350682
2609,GARZA, Texas,5816
2610,GILLESPIE, Texas,26725
2611,GLASSCOCK, Texas,1116
2612,GOLIAD, Texas,7012
2613,GONZALES, Texas,19653
2614,GRAY, Texas,21227
2615,GRAYSON, Texas,135543
2616,GREGG, Texas,124239
2617,GRIMES, Texas,29268
2618,GUADALUPE, Texas,172706
2619,HALE, Texas,32522
2620,HALL, Texas,2825
2621,HAMILTON, Texas,8222
2622,HANSFORD, Texas,5285
2623,HARDEMAN, Texas,3549
2624,HARDIN, Texas,56231
2625,HARRIS, Texas,4731145
2626,HARRISON, Texas,68839
2627,HARTLEY, Texas,5382
2628,HASKELL, Texas,5416
2629,HAYS, Texas,241067
2630,HEMPHILL, Texas,3382
2631,HENDERSON, Texas,82150
2632,HIDALGO, Texas,870781
2633,HILL, Texas,35874
2634,HOCKLEY, Texas,21537
2635,HOOD, Texas,61598
2636,HOPKINS, Texas,36787
2637,HOUSTON, Texas,22066
2638,HOWARD, Texas,34860
2639,HUDSPETH, Texas,3202
2640,HUNT, Texas,99956
2641,HUTCHINSON, Texas,20617
2642,IRION, Texas,1513
2643,JACK, Texas,8472
2644,JACKSON, Texas,14988
2645,JASPER, Texas,32980
2646,JEFF DAVIS, Texas,1996
2647,JEFFERSON, Texas,256526
2648,JIM HOGG, Texas,4838
2649,JIM WELLS, Texas,38891
2650,JOHNSON, Texas,179927
2651,JONES, Texas,19663
2652,KARNES, Texas,14710
2653,KAUFMAN, Texas,145310
2654,KENDALL, Texas,44279
2655,KENEDY, Texas,350
2656,KENT, Texas,753
2657,KERR, Texas,52598
2658,KIMBLE, Texas,4286
2659,KING, Texas,265
2660,KINNEY, Texas,3129
2661,KLEBERG, Texas,31040
2662,KNOX, Texas,3353
2663,LAMAR, Texas,50088
2664,LAMB, Texas,13045
2665,LAMPASAS, Texas,21627
2666,LA SALLE, Texas,6664
2667,LAVACA, Texas,20337
2668,LEE, Texas,17478
2669,LEON, Texas,15719
2670,LIBERTY, Texas,91628
2671,LIMESTONE, Texas,22146
2672,LIPSCOMB, Texas,3059
2673,LIVE OAK, Texas,11335
2674,LLANO, Texas,21243
2675,LOVING, Texas,64
2676,LUBBOCK, Texas,310639
2677,LYNN, Texas,5596
2678,MCCULLOCH, Texas,7630
2679,MCLENNAN, Texas,260579
2680,MCMULLEN, Texas,600
2681,MADISON, Texas,13455
2682,MARION, Texas,9725
2683,MARTIN, Texas,5237
2684,MASON, Texas,3953
2685,MATAGORDA, Texas,36255
2686,MAVERICK, Texas,57887
2687,MEDINA, Texas,50748
2688,MENARD, Texas,1962
2689,MIDLAND, Texas,169983
2690,MILAM, Texas,24754
2691,MILLS, Texas,4456
2692,MITCHELL, Texas,8990
2693,MONTAGUE, Texas,19965
2694,MONTGOMERY, Texas,620443
2695,MOORE, Texas,21358
2696,MORRIS, Texas,11973
2697,MOTLEY, Texas,1063
2698,NACOGDOCHES, Texas,64653
2699,NAVARRO, Texas,52624
2700,NEWTON, Texas,12217
2701,NOLAN, Texas,14738
2702,NUECES, Texas,353178
2703,OCHILTREE, Texas,10015
2704,OLDHAM, Texas,1758
2705,ORANGE, Texas,84808
2706,PALO PINTO, Texas,28409
2707,PANOLA, Texas,22491
2708,PARKER, Texas,148222
2709,PARMER, Texas,9869
2710,PECOS, Texas,15193
2711,POLK, Texas,50123
2712,POTTER, Texas,118525
2713,PRESIDIO, Texas,6131
2714,RAINS, Texas,12164
2715,RANDALL, Texas,140753
2716,REAGAN, Texas,3385
2717,REAL, Texas,2758
2718,RED RIVER, Texas,11587
2719,REEVES, Texas,14748
2720,REFUGIO, Texas,6741
2721,ROBERTS, Texas,827
2722,ROBERTSON, Texas,16757
2723,ROCKWALL, Texas,107819
2724,RUNNELS, Texas,9900
2725,RUSK, Texas,52214
2726,SABINE, Texas,9894
2727,SAN AUGUSTINE, Texas,7918
2728,SAN JACINTO, Texas,27402
2729,SAN PATRICIO, Texas,68755
2730,SAN SABA, Texas,5730
2731,SCHLEICHER, Texas,2451
2732,SCURRY, Texas,16932
2733,SHACKELFORD, Texas,3105
2734,SHELBY, Texas,24022
2735,SHERMAN, Texas,2782
2736,SMITH, Texas,233479
2737,SOMERVELL, Texas,9205
2738,STARR, Texas,65920
2739,STEPHENS, Texas,9101
2740,STERLING, Texas,1372
2741,STONEWALL, Texas,1245
2742,SUTTON, Texas,3372
2743,SWISHER, Texas,6971
2744,TARRANT, Texas,2110640
2745,TAYLOR, Texas,143208
2746,TERRELL, Texas,760
2747,TERRY, Texas,11831
2748,THROCKMORTON, Texas,1440
2749,TITUS, Texas,31247
2750,TOM GREEN, Texas,120003
2751,TRAVIS, Texas,1290188
2752,TRINITY, Texas,13602
2753,TYLER, Texas,19798
2754,UPSHUR, Texas,40892
2755,UPTON, Texas,3308
2756,UVALDE, Texas,24564
2757,VAL VERDE, Texas,47586
2758,VAN ZANDT, Texas,59541
2759,VICTORIA, Texas,91319
2760,WALKER, Texas,76400
2761,WALLER, Texas,56794
2762,WARD, Texas,11644
2763,WASHINGTON, Texas,35805
2764,WEBB, Texas,267114
2765,WHARTON, Texas,41570
2766,WHEELER, Texas,4990
2767,WICHITA, Texas,129350
2768,WILBARGER, Texas,12887
2769,WILLACY, Texas,20164
2770,WILLIAMSON, Texas,609017
2771,WILSON, Texas,49753
2772,WINKLER, Texas,7791
2773,WISE, Texas,68632
2774,WOOD, Texas,44843
2775,YOAKUM, Texas,7694
2776,YOUNG, Texas,17867
2777,ZAPATA, Texas,13889
2778,ZAVALA, Texas,9670
2779,BEAVER, Utah,7072
2780,BOX ELDER, Utah,57666
2781,CACHE, Utah,133154
2782,CARBON, Utah,20412
2783,DAGGETT, Utah,935
2784,DAVIS, Utah,362679
2785,DUCHESNE, Utah,19596
2786,EMERY, Utah,9825
2787,GARFIELD, Utah,5083
2788,GRAND, Utah,9669
2789,IRON, Utah,57289
2790,JUAB, Utah,11786
2791,KANE, Utah,7667
2792,MILLARD, Utah,12975
2793,MORGAN, Utah,12295
2794,PIUTE, Utah,1438
2795,RICH, Utah,2510
2796,SALT LAKE, Utah,1185238
2797,SAN JUAN, Utah,14518
2798,SANPETE, Utah,28437
2799,SEVIER, Utah,21522
2800,SUMMIT, Utah,42357
2801,TOOELE, Utah,72698
2802,UINTAH, Utah,35620
2803,UTAH, Utah,659399
2804,WASATCH, Utah,34788
2805,WASHINGTON, Utah,180279
2806,WAYNE, Utah,2486
2807,WEBER, Utah,262223
2808,ADDISON, Vermont,37363
2809,BENNINGTON, Vermont,37347
2810,CALEDONIA, Vermont,30233
2811,CHITTENDEN, Vermont,168323
2812,ESSEX, Vermont,5920
2813,FRANKLIN, Vermont,49946
2814,GRAND ISLE, Vermont,7293
2815,LAMOILLE, Vermont,25945
2816,ORANGE, Vermont,29277
2817,ORLEANS, Vermont,27393
2818,RUTLAND, Vermont,60572
2819,WASHINGTON, Vermont,59807
2820,WINDHAM, Vermont,45905
2821,WINDSOR, Vermont,57753
2822,ACCOMACK, Virginia,33413
2823,ALBEMARLE, Virginia,112395
2824,ALLEGHANY, Virginia,15223
2825,AMELIA, Virginia,13265
2826,AMHERST, Virginia,31307
2827,APPOMATTOX, Virginia,16119
2828,ARLINGTON, Virginia,238643
2829,AUGUSTA, Virginia,77487
2830,BATH, Virginia,4209
2831,BEDFORD, Virginia,79462
2832,BLAND, Virginia,6270
2833,BOTETOURT, Virginia,33596
2834,BRUNSWICK, Virginia,15849
2835,BUCHANAN, Virginia,20355
2836,BUCKINGHAM, Virginia,16824
2837,CAMPBELL, Virginia,55696
2838,CAROLINE, Virginia,30887
2839,CARROLL, Virginia,29155
2840,CHARLES CITY, Virginia,6773
2841,CHARLOTTE, Virginia,11529
2842,CHESTERFIELD, Virginia,364548
2843,CLARKE, Virginia,14783
2844,CRAIG, Virginia,4892
2845,CULPEPER, Virginia,52552
2846,CUMBERLAND, Virginia,9675
2847,DICKENSON, Virginia,14124
2848,DINWIDDIE, Virginia,27947
2849,ESSEX, Virginia,10599
2850,FAIRFAX, Virginia,1150309
2851,FAUQUIER, Virginia,72972
2852,FLOYD, Virginia,15476
2853,FLUVANNA, Virginia,27249
2854,FRANKLIN, Virginia,54477
2855,FREDERICK, Virginia,91419
2856,GILES, Virginia,16787
2857,GLOUCESTER, Virginia,38711
2858,GOOCHLAND, Virginia,24727
2859,GRAYSON, Virginia,15333
2860,GREENE, Virginia,20552
2861,GREENSVILLE, Virginia,11391
2862,HALIFAX, Virginia,34022
2863,HANOVER, Virginia,109979
2864,HENRICO, Virginia,334389
2865,HENRY, Virginia,50948
2866,HIGHLAND, Virginia,2232
2867,ISLE OF WIGHT, Virginia,38606
2868,JAMES CITY, Virginia,78254
2869,KING AND QUEEN, Virginia,6608
2870,KING GEORGE, Virginia,26723
2871,KING WILLIAM, Virginia,17810
2872,LANCASTER, Virginia,10919
2873,LEE, Virginia,22173
2874,LOUDOUN, Virginia,420959
2875,LOUISA, Virginia,37596
2876,LUNENBURG, Virginia,11936
2877,MADISON, Virginia,13837
2878,MATHEWS, Virginia,8533
2879,MECKLENBURG, Virginia,30319
2880,MIDDLESEX, Virginia,10625
2881,MONTGOMERY, Virginia,99721
2882,NELSON, Virginia,14775
2883,NEW KENT, Virginia,22945
2884,NORTHAMPTON, Virginia,12282
2885,NORTHUMBERLAND, Virginia,11839
2886,NOTTOWAY, Virginia,15642
2887,ORANGE, Virginia,36254
2888,PAGE, Virginia,23709
2889,PATRICK, Virginia,17608
2890,PITTSYLVANIA, Virginia,60501
2891,POWHATAN, Virginia,30333
2892,PRINCE EDWARD, Virginia,21849
2893,PRINCE GEORGE, Virginia,43010
2894,PRINCE WILLIAM, Virginia,482204
2895,PULASKI, Virginia,33800
2896,RAPPAHANNOCK, Virginia,7348
2897,RICHMOND, Virginia,8923
2898,ROANOKE, Virginia,96929
2899,ROCKBRIDGE, Virginia,22650
2900,ROCKINGHAM, Virginia,83757
2901,RUSSELL, Virginia,25781
2902,SCOTT, Virginia,21576
2903,SHENANDOAH, Virginia,44186
2904,SMYTH, Virginia,29800
2905,SOUTHAMPTON, Virginia,17996
2906,SPOTSYLVANIA, Virginia,140032
2907,STAFFORD, Virginia,156927
2908,SURRY, Virginia,6561
2909,SUSSEX, Virginia,10829
2910,TAZEWELL, Virginia,40429
2911,WARREN, Virginia,40727
2912,WASHINGTON, Virginia,53935
2913,WESTMORELAND, Virginia,18477
2914,WISE, Virginia,36130
2915,WYTHE, Virginia,28290
2916,YORK, Virginia,70045
2917,ALEXANDRIA CITY, Virginia,159467
2918,BRISTOL CITY, Virginia,17219
2919,BUENA VISTA CITY, Virginia,6641
2920,CHARLOTTESVILLE CITY, Virginia,46553
2921,CHESAPEAKE CITY, Virginia,249422
2922,COLONIAL HEIGHTS CITY, Virginia,18170
2923,COVINGTON CITY, Virginia,5737
2924,DANVILLE CITY, Virginia,42590
2925,EMPORIA CITY, Virginia,5766
2926,FAIRFAX CITY, Virginia,24146
2927,FALLS CHURCH CITY, Virginia,14658
2928,FRANKLIN CITY, Virginia,8180
2929,FREDERICKSBURG CITY, Virginia,27982
2930,GALAX CITY, Virginia,6720
2931,HAMPTON CITY, Virginia,137148
2932,HARRISONBURG CITY, Virginia,51814
2933,HOPEWELL CITY, Virginia,23033
2934,LEXINGTON CITY, Virginia,7320
2935,LYNCHBURG CITY, Virginia,79009
2936,MANASSAS CITY, Virginia,42772
2937,MANASSAS PARK CITY, Virginia,17219
2938,MARTINSVILLE CITY, Virginia,13485
2939,NEWPORT NEWS CITY, Virginia,186247
2940,NORFOLK CITY, Virginia,238005
2941,NORTON CITY, Virginia,3687
2942,PETERSBURG CITY, Virginia,33458
2943,POQUOSON CITY, Virginia,12460
2944,PORTSMOUTH CITY, Virginia,97915
2945,RADFORD CITY, Virginia,16070
2946,RICHMOND CITY, Virginia,226610
2947,ROANOKE CITY, Virginia,100011
2948,SALEM CITY, Virginia,25346
2949,STAUNTON CITY, Virginia,25750
2950,SUFFOLK CITY, Virginia,94324
2951,VIRGINIA BEACH CITY, Virginia,459470
2952,WAYNESBORO CITY, Virginia,22196
2953,WILLIAMSBURG CITY, Virginia,15425
2954,WINCHESTER CITY, Virginia,28120
2955,ADAMS, Washington,20613
2956,ASOTIN, Washington,22285
2957,BENTON, Washington,206873
2958,CHELAN, Washington,79074
2959,CLALLAM, Washington,77155
2960,CLARK, Washington,503311
2961,COLUMBIA, Washington,3952
2962,COWLITZ, Washington,110730
2963,DOUGLAS, Washington,42938
2964,FERRY, Washington,7178
2965,FRANKLIN, Washington,96749
2966,GARFIELD, Washington,2286
2967,GRANT, Washington,99123
2968,GRAYS HARBOR, Washington,75636
2969,ISLAND, Washington,86857
2970,JEFFERSON, Washington,32977
2971,KING, Washington,2269675
2972,KITSAP, Washington,275611
2973,KITTITAS, Washington,44337
2974,KLICKITAT, Washington,22735
2975,LEWIS, Washington,82149
2976,LINCOLN, Washington,10876
2977,MASON, Washington,65726
2978,OKANOGAN, Washington,42104
2979,PACIFIC, Washington,23365
2980,PEND OREILLE, Washington,13401
2981,PIERCE, Washington,921130
2982,SAN JUAN, Washington,17788
2983,SKAGIT, Washington,129523
2984,SKAMANIA, Washington,12036
2985,SNOHOMISH, Washington,827957
2986,SPOKANE, Washington,539339
2987,STEVENS, Washington,46445
2988,THURSTON, Washington,294793
2989,WAHKIAKUM, Washington,4422
2990,WALLA WALLA, Washington,62584
2991,WHATCOM, Washington,226847
2992,WHITMAN, Washington,47973
2993,YAKIMA, Washington,256728
2994,BARBOUR, West Virginia,15465
2995,BERKELEY, West Virginia,122076
2996,BOONE, West Virginia,21809
2997,BRAXTON, West Virginia,12447
2998,BROOKE, West Virginia,22559
2999,CABELL, West Virginia,94350
3000,CALHOUN, West Virginia,6229
3001,CLAY, West Virginia,8051
3002,DODDRIDGE, West Virginia,7808
3003,FAYETTE, West Virginia,40488
3004,GILMER, West Virginia,7408
3005,GRANT, West Virginia,10976
3006,GREENBRIER, West Virginia,32977
3007,HAMPSHIRE, West Virginia,23093
3008,HANCOCK, West Virginia,29095
3009,HARDY, West Virginia,14299
3010,HARRISON, West Virginia,65921
3011,JACKSON, West Virginia,27791
3012,JEFFERSON, West Virginia,57701
3013,KANAWHA, West Virginia,180745
3014,LEWIS, West Virginia,17033
3015,LINCOLN, West Virginia,20463
3016,LOGAN, West Virginia,32567
3017,MCDOWELL, West Virginia,19111
3018,MARION, West Virginia,56205
3019,MARSHALL, West Virginia,30591
3020,MASON, West Virginia,25453
3021,MERCER, West Virginia,59664
3022,MINERAL, West Virginia,26938
3023,MINGO, West Virginia,23568
3024,MONONGALIA, West Virginia,105822
3025,MONROE, West Virginia,12376
3026,MORGAN, West Virginia,17063
3027,NICHOLAS, West Virginia,24604
3028,OHIO, West Virginia,42425
3029,PENDLETON, West Virginia,6143
3030,PLEASANTS, West Virginia,7653
3031,POCAHONTAS, West Virginia,7869
3032,PRESTON, West Virginia,34216
3033,PUTNAM, West Virginia,57440
3034,RALEIGH, West Virginia,74591
3035,RANDOLPH, West Virginia,27932
3036,RITCHIE, West Virginia,8444
3037,ROANE, West Virginia,14028
3038,SUMMERS, West Virginia,11959
3039,TAYLOR, West Virginia,16705
3040,TUCKER, West Virginia,6762
3041,TYLER, West Virginia,8313
3042,UPSHUR, West Virginia,23816
3043,WAYNE, West Virginia,38982
3044,WEBSTER, West Virginia,8378
3045,WETZEL, West Virginia,14442
3046,WIRT, West Virginia,5194
3047,WOOD, West Virginia,84296
3048,WYOMING, West Virginia,21382
3049,ADAMS, Wisconsin,20654
3050,ASHLAND, Wisconsin,16027
3051,BARRON, Wisconsin,46711
3052,BAYFIELD, Wisconsin,16220
3053,BROWN, Wisconsin,268740
3054,BUFFALO, Wisconsin,13317
3055,BURNETT, Wisconsin,16526
3056,CALUMET, Wisconsin,52442
3057,CHIPPEWA, Wisconsin,66297
3058,CLARK, Wisconsin,34659
3059,COLUMBIA, Wisconsin,58490
3060,CRAWFORD, Wisconsin,16113
3061,DANE, Wisconsin,561504
3062,DODGE, Wisconsin,89396
3063,DOOR, Wisconsin,30066
3064,DOUGLAS, Wisconsin,44295
3065,DUNN, Wisconsin,45440
3066,EAU CLAIRE, Wisconsin,105710
3067,FLORENCE, Wisconsin,4558
3068,FOND DU LAC, Wisconsin,104154
3069,FOREST, Wisconsin,9179
3070,GRANT, Wisconsin,51938
3071,GREEN, Wisconsin,37093
3072,GREEN LAKE, Wisconsin,19018
3073,IOWA, Wisconsin,23709
3074,IRON, Wisconsin,6137
3075,JACKSON, Wisconsin,21145
3076,JEFFERSON, Wisconsin,84900
3077,JUNEAU, Wisconsin,26718
3078,KENOSHA, Wisconsin,169151
3079,KEWAUNEE, Wisconsin,20563
3080,LA CROSSE, Wisconsin,120784
3081,LAFAYETTE, Wisconsin,16611
3082,LANGLADE, Wisconsin,19491
3083,LINCOLN, Wisconsin,28415
3084,MANITOWOC, Wisconsin,81359
3085,MARATHON, Wisconsin,138013
3086,MARINETTE, Wisconsin,41872
3087,MARQUETTE, Wisconsin,15592
3088,MENOMINEE, Wisconsin,4255
3089,MILWAUKEE, Wisconsin,939489
3090,MONROE, Wisconsin,46274
3091,OCONTO, Wisconsin,38965
3092,ONEIDA, Wisconsin,37845
3093,OUTAGAMIE, Wisconsin,190705
3094,OZAUKEE, Wisconsin,91503
3095,PEPIN, Wisconsin,7318
3096,PIERCE, Wisconsin,42212
3097,POLK, Wisconsin,44977
3098,PORTAGE, Wisconsin,70377
3099,PRICE, Wisconsin,14054
3100,RACINE, Wisconsin,197727
3101,RICHLAND, Wisconsin,17304
3102,ROCK, Wisconsin,163687
3103,RUSK, Wisconsin,14188
3104,ST. CROIX, Wisconsin,93536
3105,SAUK, Wisconsin,65763
3106,SAWYER, Wisconsin,18074
3107,SHAWANO, Wisconsin,40881
3108,SHEBOYGAN, Wisconsin,118034
3109,TAYLOR, Wisconsin,19913
3110,TREMPEALEAU, Wisconsin,30760
3111,VERNON, Wisconsin,30714
3112,VILAS, Wisconsin,23047
3113,WALWORTH, Wisconsin,106478
3114,WASHBURN, Wisconsin,16623
3115,WASHINGTON, Wisconsin,136761
3116,WAUKESHA, Wisconsin,406978
3117,WAUPACA, Wisconsin,51812
3118,WAUSHARA, Wisconsin,24520
3119,WINNEBAGO, Wisconsin,171730
3120,WOOD, Wisconsin,74207
3121,ALBANY, Wyoming,37066
3122,BIG HORN, Wyoming,11521
3123,CAMPBELL, Wyoming,47026
3124,CARBON, Wyoming,14537
3125,CONVERSE, Wyoming,13751
3126,CROOK, Wyoming,7181
3127,FREMONT, Wyoming,39234
3128,GOSHEN, Wyoming,12498
3129,HOT SPRINGS, Wyoming,4621
3130,JOHNSON, Wyoming,8447
3131,LARAMIE, Wyoming,100512
3132,LINCOLN, Wyoming,19581
3133,NATRONA, Wyoming,79955
3134,NIOBRARA, Wyoming,2467
3135,PARK, Wyoming,29624
3136,PLATTE, Wyoming,8605
3137,SHERIDAN, Wyoming,30921
3138,SUBLETTE, Wyoming,8728
3139,SWEETWATER, Wyoming,42272
3140,TETON, Wyoming,23331
3141,UINTA, Wyoming,20450
3142,WASHAKIE, Wyoming,7685
3143,WESTON, Wyoming,6838
3144,ADJUNTAS MUNICIPIO, Puerto Rico,18020
3145,AGUADA MUNICIPIO, Puerto Rico,38136
3146,AGUADILLA MUNICIPIO, Puerto Rico,55101
3147,AGUAS BUENAS MUNICIPIO, Puerto Rico,24223
3148,AIBONITO MUNICIPIO, Puerto Rico,24637
3149,AASCO MUNICIPIO, Puerto Rico,25596
3150,ARECIBO MUNICIPIO, Puerto Rico,87754
3151,ARROYO MUNICIPIO, Puerto Rico,15843
3152,BARCELONETA MUNICIPIO, Puerto Rico,22657
3153,BARRANQUITAS MUNICIPIO, Puerto Rico,28983
3154,BAYAMN MUNICIPIO, Puerto Rico,185187
3155,CABO ROJO MUNICIPIO, Puerto Rico,47158
3156,CAGUAS MUNICIPIO, Puerto Rico,127244
3157,CAMUY MUNICIPIO, Puerto Rico,32827
3158,CANVANAS MUNICIPIO, Puerto Rico,42337
3159,CAROLINA MUNICIPIO, Puerto Rico,154815
3160,CATAO MUNICIPIO, Puerto Rico,23155
3161,CAYEY MUNICIPIO, Puerto Rico,41652
3162,CEIBA MUNICIPIO, Puerto Rico,11307
3163,CIALES MUNICIPIO, Puerto Rico,16984
3164,CIDRA MUNICIPIO, Puerto Rico,39970
3165,COAMO MUNICIPIO, Puerto Rico,34668
3166,COMERO MUNICIPIO, Puerto Rico,18883
3167,COROZAL MUNICIPIO, Puerto Rico,34571
3168,CULEBRA MUNICIPIO, Puerto Rico,1792
3169,DORADO MUNICIPIO, Puerto Rico,35879
3170,FAJARDO MUNICIPIO, Puerto Rico,32124
3171,FLORIDA MUNICIPIO, Puerto Rico,11692
3172,GUNICA MUNICIPIO, Puerto Rico,13787
3173,GUAYAMA MUNICIPIO, Puerto Rico,36614
3174,GUAYANILLA MUNICIPIO, Puerto Rico,17784
3175,GUAYNABO MUNICIPIO, Puerto Rico,89780
3176,GURABO MUNICIPIO, Puerto Rico,40622
3177,HATILLO MUNICIPIO, Puerto Rico,38486
3178,HORMIGUEROS MUNICIPIO, Puerto Rico,15654
3179,HUMACAO MUNICIPIO, Puerto Rico,50896
3180,ISABELA MUNICIPIO, Puerto Rico,42943
3181,JAYUYA MUNICIPIO, Puerto Rico,14779
3182,JUANA DAZ MUNICIPIO, Puerto Rico,46538
3183,JUNCOS MUNICIPIO, Puerto Rico,37012
3184,LAJAS MUNICIPIO, Puerto Rico,23334
3185,LARES MUNICIPIO, Puerto Rico,28105
3186,LAS MARAS MUNICIPIO, Puerto Rico,8874
3187,LAS PIEDRAS MUNICIPIO, Puerto Rico,35180
3188,LOZA MUNICIPIO, Puerto Rico,23693
3189,LUQUILLO MUNICIPIO, Puerto Rico,17781
3190,MANAT MUNICIPIO, Puerto Rico,39492
3191,MARICAO MUNICIPIO, Puerto Rico,4755
3192,MAUNABO MUNICIPIO, Puerto Rico,10589
3193,MAYAGEZ MUNICIPIO, Puerto Rico,73077
3194,MOCA MUNICIPIO, Puerto Rico,37460
3195,MOROVIS MUNICIPIO, Puerto Rico,28727
3196,NAGUABO MUNICIPIO, Puerto Rico,23386
3197,NARANJITO MUNICIPIO, Puerto Rico,29241
3198,OROCOVIS MUNICIPIO, Puerto Rico,21434
3199,PATILLAS MUNICIPIO, Puerto Rico,15985
3200,PEUELAS MUNICIPIO, Puerto Rico,20399
3201,PONCE MUNICIPIO, Puerto Rico,137491
3202,QUEBRADILLAS MUNICIPIO, Puerto Rico,23638
3203,RINCN MUNICIPIO, Puerto Rico,15187
3204,RO GRANDE MUNICIPIO, Puerto Rico,47060
3205,SABANA GRANDE MUNICIPIO, Puerto Rico,22729
3206,SALINAS MUNICIPIO, Puerto Rico,25789
3207,SAN GERMN MUNICIPIO, Puerto Rico,31879
3208,SAN JUAN MUNICIPIO, Puerto Rico,342259
3209,SAN LORENZO MUNICIPIO, Puerto Rico,37693
3210,SAN SEBASTIN MUNICIPIO, Puerto Rico,39345
3211,SANTA ISABEL MUNICIPIO, Puerto Rico,20281
3212,TOA ALTA MUNICIPIO, Puerto Rico,66852
3213,TOA BAJA MUNICIPIO, Puerto Rico,75293
3214,TRUJILLO ALTO MUNICIPIO, Puerto Rico,67740
3215,UTUADO MUNICIPIO, Puerto Rico,28287
3216,VEGA ALTA MUNICIPIO, Puerto Rico,35395
3217,VEGA BAJA MUNICIPIO, Puerto Rico,54414
3218,VIEQUES MUNICIPIO, Puerto Rico,8249
3219,VILLALBA MUNICIPIO, Puerto Rico,22093
3220,YABUCOA MUNICIPIO, Puerto Rico,30426
3221,YAUCO MUNICIPIO, Puerto Rico,34172
